ref_num,authors,year,country,site_name,geo_area,N_pair,N_pair_state,latitude,longitude,elevation,elev_raster,avg_annual_precip,precip_raster,avg_annual_temp,temp_raster,climate,aridity_index_study,aridity_category,aridity_index,crop type_study,crop_type,multiple_crops,tillage_freq_study,tillage_freq,tillage_type,residue_removal,grazed,cover_crop,inorganic_N_applied,herbicide,OM_applied,inorganic_C_applied,years_since_irrig_t1,years_since_irrig_t2,study_duration,irrig_method,irrig_methodcat,irrig_water_type,irrig_water_pH,irrig_water_bicarbonate,irrig_water_Ca,irrig_water_OC,irrig_water_N,study_scale,soil_upper_limit,soil_lower_limit,soil_sample_thickness,depth_category,depth_cat_2,BD_t1,BD_t2,BD_t1_rf,BD_t2_rf,soil_texture_t1,per_sand_t1,per_clay_t1,soil_texture_t2,per_sand_t2,per_clay_t2,soil_pH_t1,soil_pH_t2,total_C_n_t1,total_C_n_t2,total_C_t1,total_C_t2,total_C_sd_t1,total_C_sd_t2,total_C_st_t1,total_C_st_t2,total_C_st_sd_t1,total_C_st_sd_t2,total_C_st_t1_calc,total_C_st_t2_calc,log_total_C_rr,organic_C_n_t1,organic_C_n_t2,organic_C_t1,OC_t1_calc,organic_C_t2,OC_t2_calc,log_organic_C_rr,OC_change_rate,per_OC_change,organic_C_sd_t1,organic_C_sd_t2,organic_C_t1_cov,organic_C_t2_cov,organic_C_t1_sd_calc,organic_C_t2_sd_calc,organic_C_st_t1,organic_C_st_t2,organic_C_st_t1_calc,organic_C_st_t2_calc,organic_C_st_sd_t1,organic_C_st_sd_t2,organic_C_st_t1_cov,organic_C_st_t2_cov,organic_C_st_sd_t1_calc,organic_C_st_sd_t2_calc,log_organic_C_st_rr,OC_st_change_rate,per_OC_st_change,inorganic_C_n_t1,inorganic_C_n_t2,inorganic_C_t1,inorganic_C_t2,inorganic_C_sd_t1,inorganic_C_sd_t2,inorganic_C_sd_t1_cov,inorganic_C_sd_t2_cov,inorganic_C_sd_t1_calc,inorganic_C_sd_t2_calc,inorganic_C_st_t1,inorganic_C_st_t2,inorganic_C_st_sd_t1,inorganic_C_st_sd_t2,inorganic_C_st_t1_calc,inorganic_C_st_t2_calc,inorganic_C_st_t1_cov,inorganic_C_st_t2_cov,inorganic_C_st_t1_sd_cov,inorganic_C_st_t2_sd_cov,log_inorg_C_rr,total_N_n_t1,total_N_n_t2,total_N_t1,total_N_t2,total_N_sd_t1,total_N_sd_t2,total_N_t1_cov,total_N_t2_cov,total_N_t1_sd_calc,total_N_t2_sd_calc,total_N_st_t1,total_N_st_t2,total_N_st_sd_t1,total_N_st_sd_t2,total_N_st_t1_calc,total_N_st_t2_calc,log_total_N_rr,total_N_st_t1_cov,total_N_st_t2_cov,total_N_st_t1_sd_calc,total_N_st_t2_sd_calc
1a,Wu et al.,2008,USA,San Joaquin Valley,North America,no,,35° 36' N,119° 20' W,,102,132,182,18,17.2,semiarid,0.0875,Arid,11.5439,mixed,cereals,yes,2,multiple,CT,,no,,,,,,25,55,30,,,fresh,7.2,73.2,,,,Farm,0,10,10,0-10cm,0-10cm,1.16,1.06,1.191423851,1.170540667,L,,20,L,,20,8.1,8.1,1,1,7.14,8.92,,,,,,,8.506766296,10.44122275,0.096666643,1,1,6.22,6.22,8.74,8.74,0.147721048,0.084,40.51446945,0.583125,0.71976522,,,0.58775268,0.73660675,7.2152,9.2644,7.2152,9.2644,0.678553484,0.517301519,,,0.678553484,0.517301519,0.108568924,0.068306667,28.40115312,1,1,0.92,0.18,,,,,0.544489796,0.064280924,,,,,1.096109943,0.21069732,,,,,-0.708515322,,,,,,,,,,,,,,,,,,,,,
1a,Wu et al.,2008,USA,San Joaquin Valley,North America,no,,35° 36' N,119° 20' W,,102,132,182,18,17.2,semiarid,0.0875,Arid,11.5439,mixed,cereals,yes,2,multiple,CT,,no,,,,,,25,55,30,,,fresh,7.2,73.2,,,,Farm,10,25,15,10-20cm,10-20cm,1.24,1.19,1.24386523,1.243603833,L,,20,L,,20,8.1,8.1,1,1,6.43,8.17,,,,,,,11.99708014,15.24036497,0.104011084,1,1,5.52,5.52,7.98,7.98,0.160063814,0.082,44.56521739,0.5175,0.65717694,,,0.52160688,0.672553989,10.2672,14.2443,10.2672,14.2443,0.965578824,0.795366999,,,0.965578824,0.795366999,0.14218909,0.13257,38.73597475,1,1,0.91,0.19,,,,,0.538571429,0.067852086,,,,,1.697876039,0.354427092,,,,,-0.680287791,,,,,,,,,,,,,,,,,,,,,
1a,Wu et al.,2008,USA,San Joaquin Valley,North America,no,,35° 36' N,119° 20' W,,102,132,182,18,17.2,semiarid,0.0875,Arid,11.5439,mixed,cereals,yes,2,multiple,CT,,no,,,,,,25,55,30,,,fresh,7.2,73.2,,,,Farm,25,60,35,40-50cm,30+cm,1.242,1.454666667,1.272830249,1.400530533,L,,17.5,L,,17.5,9.2,9.2,1,1,4.628,3.726666667,,,,,,,22.10566059,19.15787331,-0.094072801,1,1,1.673333333,1.673333333,2.414666667,2.414666667,0.159274724,0.024711111,44.30278884,0.156875,0.198855044,,,0.15811996,0.203507982,7.27398,12.29387289,7.27398,12.29387289,0.684081449,0.686459902,,,0.684081449,0.686459902,0.227916616,0.167329763,69.01163997,1,1,2.954666667,1.316666667,,,,,1.748680272,0.470203055,,,,,14.20093607,6.999407486,,,,,-0.351032652,,,,,,,,,,,,,,,,,,,,,
1b,Wu et al.,2008,USA,Imperial Valley,North America,no,,32° 49' N,115° 23' W,,-7,65,71,22,22.4,semiarid,0.0263,Hyper Arid,37.4789,mixed,cereals,yes,annually,once,CT,,no,,,,,,85,90,5,,,fresh,7.9,190,,,,Farm,0,10,10,0-10cm,0-10cm,1.22,1.23,1.288673851,1.222177833,SiC,,38,SiC,,38,8.3,8.3,1,1,22.8,21.4,,,,,,,29.3817638,26.15460563,-0.027521074,1,1,8.15,8.15,7.5,7.5,-0.036096345,-0.13,-7.975460123,0.7640625,0.6176475,,,0.7701261,0.632099614,9.943,9.225,9.943,9.225,0.935089435,0.515101519,,,0.935089435,0.515101519,-0.032551065,-0.1436,-7.221160616,1,1,14.6,13.9,,,,,8.640816327,4.963915797,,,,,18.81463822,16.98827188,,,,,-0.021338056,,,,,,,,,,,,,,,,,,,,,
1b,Wu et al.,2008,USA,Imperial Valley,North America,no,,32° 49' N,115° 23' W,,-7,65,71,22,22.4,semiarid,0.0263,Hyper Arid,37.4789,mixed,cereals,yes,annually,once,CT,,no,,,,,,85,90,5,,,fresh,7.9,190,,,,Farm,10,25,15,10-20cm,10-20cm,1.45,1.12,1.355811207,1.206851167,SiC,,38,SiC,,38,8.3,8.3,1,1,22.2,21.4,,,,,,,45.14851319,38.73992246,-0.015939201,1,1,7.73,7.73,7.48,7.48,-0.014277896,-0.05,-3.234152652,0.7246875,0.61600044,,,0.73043862,0.630414015,16.81275,12.5664,16.81275,12.5664,1.581155074,0.701677152,,,1.581155074,0.701677152,-0.126427876,-0.84927,-25.25672481,1,1,14.4,13.9,,,,,8.52244898,4.963915797,,,,,29.28552207,25.16284683,,,,,-0.015347692,,,,,,,,,,,,,,,,,,,,,
1b,Wu et al.,2008,USA,Imperial Valley,North America,no,,32° 49' N,115° 23' W,,-7,65,71,22,22.4,semiarid,0.0263,Hyper Arid,37.4789,mixed,cereals,yes,annually,once,CT,,no,,,,,,85,90,5,,,fresh,7.9,190,,,,Farm,25,60,35,40-50cm,30+cm,1.318666667,1.316666667,1.322418295,1.309773456,SiC,,30,SiC,,30,8.3,8.3,1,1,18.02,19.65333333,,,,,,,89.36355316,96.75361971,0.037681433,1,1,3.14,3.14,2.966666667,2.966666667,-0.024660896,-0.034666667,-5.520169851,0.294375,0.2443139,,,0.29671116,0.250030514,14.49214667,13.67138889,14.49214667,13.67138889,1.362913933,0.763377038,,,1.362913933,0.763377038,-0.025320083,-0.164151556,-5.663465853,1,1,14.9,16.62666667,,,,,8.818367347,5.937652757,,,,,74.05951789,82.21295563,,,,,0.047618922,,,,,,,,,,,,,,,,,,,,,
2a,Sainju et al. ,2014,USA,"Nesson Valley, North Dakota, NTBO",North America,yes,N-,48° 6' N,103° 6' W,,573,373,364,13.5,5.4,semiarid,0.2945,Semi-Arid,3.3929,cereals,cereals,no,0,never,NT,no,no,no,no,yes,no,no,3,6,3,sprinklers,sprinkler,,,,,,,Plot,0,10,10,0-10cm,0-10cm,1.450007759,1.376103667,1.450007759,1.376103667,SL,72,16,SL,72,16,7.7,7.7,,,,,,,,,,,,,,3,3,8.758573822,8.758573822,8.792942196,8.792942196,0.001700823,0.011456125,0.392396921,0.821116296,0.724125169,,,0.827632675,0.741068715,12.7,12.1,12.7,12.1,1.1943715,0.675634512,,,1.1943715,0.675634512,-0.021018351,-0.2,-4.724409449,,,,,,,,,,,,,,,,,,,,,,,,,,,,,,,,,,,,,,,,,,
2b,Sainju et al. ,2014,USA,"Nesson Valley, North Dakota, NTBN",North America,yes,N+,48° 6' N,103° 6' W,,573,373,364,13.5,5.4,semiarid,0.2945,Semi-Arid,3.3929,cereals,cereals,no,0,never,NT,no,no,no,yes,yes,no,no,3,6,3,sprinklers,sprinkler,,,,,,,Plot,0,10,10,0-10cm,0-10cm,1.450304885,1.379034833,1.450304885,1.379034833,SL,72,16,SL,72,16,7.7,7.7,,,,,,,,,,,,,,3,3,9.239436575,9.239436575,9.281854014,9.281854014,0.001989245,0.014139146,0.459091181,0.866197179,0.764388524,,,0.87307132,0.782274178,13.4,12.8,13.4,12.8,1.260203,0.714720806,,,1.260203,0.714720806,-0.019894829,-0.2,-4.47761194,,,,,,,,,,,,,,,,,,,,,,,,,,,,,,,,,,,,,,,,,,
3,Bedbais et al.,2017,Tunisia,El Hajeb,Africa,no,,34° 43' N,10° 41' E,,20,250,228,23,19.2,semiarid,0.1227,Arid,8.1053,woody perennials,woody crops,no,no,never,na,,,,no,,no,,5,10,5,drippers,drippers,fresh,7.95,288.5,184.5,,,Plot,0,80,80,30-40cm,30+cm,1.427193391,1.366299667,1.427193391,1.366299667,SL,68,7,SL,68,7,7.8,7.7,,,,,,,,,,,,,,1,1,0.47,0.47,0.37,0.37,-0.103896134,-0.02,-21.27659574,0.0440625,0.03047061,,,0.04441218,0.031183581,5.36624715,4.044247014,5.36624715,4.044247014,0.504668713,0.225820897,,,0.504668713,0.225820897,-0.122832997,-0.264400027,-24.63546868,,,,,,,,,,,,,,,,,,,,,,,,,,,,,,,,,,,,,,,,,,
4,Benjamin et al.,2010,USA,Akron,North America,no,,40° 8' N,103° 9' W,1384,1388,400,396,,9.5,semiarid,0.2262,Semi-Arid,4.4091,cereals,cereals,yes,0,never,NT,no,no,no,,,,,4,10,6,sprinklers,sprinkler,fresh,,,,,,Plot,0,15,15,0-10cm,0-10cm,1.52,1.31,1.449305172,1.3256635,SL,,,SL,,,,,,,,,,,,,,,,,,3,3,19.6,19.6,24.6,24.6,0.098679036,0.833333333,25.51020408,1.8375,2.0258838,,,1.8520824,2.073286733,44.688,48.339,44.688,48.339,4.20268296,2.699131958,,,4.20268296,2.699131958,0.034106743,0.6085,8.169978518,,,,,,,,,,,,,,,,,,,,,,,,,,,,,,,,,,,,,,,,,,
4,Benjamin et al.,2010,USA,Akron,North America,no,,40° 8' N,103° 9' W,1384,1388,400,396,,9.5,semiarid,0.2262,Semi-Arid,4.4091,cereals,cereals,yes,0,never,NT,no,no,no,,,,,4,10,6,sprinklers,sprinkler,fresh,,,,,,Plot,15,30,15,20-30cm,20-30cm,1.46,1.28,1.402823851,1.3160775,SiCL,,,SiCL,,,,,,,,,,,,,,,,,,3,3,18.7,18.7,16.8,16.8,-0.046532325,-0.316666667,-10.16042781,1.753125,1.3835304,,,1.7670378,1.415903135,40.953,32.256,40.953,32.256,3.851424885,1.801096432,,,3.851424885,1.801096432,-0.103675211,-1.4495,-21.23653945,,,,,,,,,,,,,,,,,,,,,,,,,,,,,,,,,,,,,,,,,,
5,Deshmukh et al.,2015,India,Keshopur,Asia,no,,28° 42' N,77° 5' E,,216,,660,,25.1,,0.3344,Semi-Arid,3.0258,,,,,,,,,,,,,,5,20,15,floodfurr,floodfurr,sewage,,,,,,Farm,0,15,15,0-10cm,0-10cm,1.357620977,1.317817333,1.357620977,1.317817333,,,,,,,7.7,7.6,,,,,,,,,,,,,,1,1,0.4,0.4,0.85,0.85,0.327358934,0.03,112.5,0.0375,0.07000005,,,0.0377976,0.071637956,0.814572586,1.6802171,0.814572586,1.6802171,0.076606479,0.093819228,,,0.076606479,0.093819228,0.31443561,0.057709634,106.2697822,,,,,,,,,,,,,,,,,,,,,,,,,,,,,,,,,,,,,,,,,,
5,Deshmukh et al.,2015,India,Keshopur,Asia,no,,28° 42' N,77° 5' E,,216,,660,,25.1,,0.3344,Semi-Arid,3.0258,,,,,,,,,,,,,,5,20,15,floodfurr,floodfurr,sewage,,,,,,Farm,15,30,15,20-30cm,20-30cm,1.344133621,1.3082145,1.344133621,1.3082145,,,,,,,8.1,7.9,,,,,,,,,,,,,,1,1,0.24,0.24,0.3,0.3,0.096910013,0.004,25,0.0225,0.0247059,,,0.02267856,0.025283985,0.483888104,0.588696525,0.483888104,0.588696525,0.045507257,0.032871379,,,0.045507257,0.032871379,0.085146527,0.006987228,21.65964004,,,,,,,,,,,,,,,,,,,,,,,,,,,,,,,,,,,,,,,,,,
5,Deshmukh et al.,2015,India,Keshopur,Asia,no,,28° 42' N,77° 5' E,,216,,660,,25.1,,0.3344,Semi-Arid,3.0258,,,,,,,,,,,,,,5,20,15,floodfurr,floodfurr,sewage,,,,,,Farm,30,60,30,40-50cm,30+cm,1.341684195,1.318909889,1.341684195,1.318909889,,,,,,,7.8,7.9,,,,,,,,,,,,,,1,1,0.153333333,0.153333333,0.163333333,0.163333333,0.027438248,0.000666667,6.52173913,0.014375,0.01345099,,,0.01448908,0.013765725,0.61717473,0.646265845,0.61717473,0.646265845,0.058042197,0.03608591,,,0.058042197,0.03608591,0.020003069,0.001939408,4.713594764,,,,,,,,,,,,,,,,,,,,,,,,,,,,,,,,,,,,,,,,,,
6,Eleftheriadis & Turrion,2014,Greece,Filyria,Europe,no,,40° 54' N,22° 29' E,170,148,506,440,15,14.2,mediterranean,0.3255,Semi-Arid,3.0636,mixed,woody crops,yes,2,multiple,CT,no,no,no,yes,,no,no,25,72,47,sprinklers,sprinkler,fresh,,,,,,Farm,0,15,15,0-10cm,0-10cm,1.353610632,1.363344167,1.353610632,1.363344167,CL,30,34,CL,30,34,7.9,7.9,,,,,,,,,,,,,,12,12,11.9,11.9,7.3,7.3,-0.212224101,-0.09787234,-38.65546218,0.8,0.6,0.067226891,0.082191781,1.1244786,0.615243624,24.16194978,14.92861863,24.16194978,14.92861863,2.272310567,0.833577683,,,2.272310567,0.833577683,-0.209112354,-0.196453854,-38.21434626,,,,,,,,,,,,,,,,,,,,,,,,,,,,,,,,,,,,,,,,,,
7a,Faria et al.,2004,Brazil,Petrolina-1,South America,no,,9° 23' S,40° 30' W,,382,,515,,25.7,,0.2655,Semi-Arid,3.7204,woody perennials,woody crops,no,,,na,,no,no,yes,,,yes,6,9,3,microsprinkler,sprinkler,fresh,,,,,,Plot,0,10,10,0-10cm,0-10cm,1.464880172,1.470118833,1.464880172,1.470118833,LS,80,10,LS,80,10,6.5,6.5,,,,,,,,,,,,,,5,5,7.1,7.1,8.8,8.8,0.093224323,0.566666667,23.94366197,0.665625,0.7247064,,,0.6709074,0.741663547,10.40064922,12.93704573,10.40064922,12.93704573,0.978129056,0.722373106,,,0.978129056,0.722373106,0.094774664,0.845465503,24.38690562,,,,,,,,,,,,,,,,,,,,,,,,,,,,,,,,,,,,,,,,,,
7b,Faria et al.,2004,Brazil,Petrolina-1,South America,no,,9° 23' S,40° 30' W,,382,,515,,25.7,,0.2655,Semi-Arid,3.7204,woody perennials,woody crops,no,,,na,,no,no,yes,,,yes,6,9,3,microsprinkler,sprinkler,fresh,,,,,,Plot,10,20,10,10-20cm,10-20cm,1.473893103,1.481357833,1.473893103,1.481357833,LS,80,10,LS,80,10,6.5,6.5,,,,,,,,,,,,,,5,5,6.8,6.8,7.1,7.1,0.018749436,0.1,4.411764706,0.6375,0.5847063,,,0.6425592,0.598387634,10.0224731,10.51764061,10.0224731,10.51764061,0.942563483,0.58727942,,,0.942563483,0.58727942,0.020943428,0.165055838,4.940572142,,,,,,,,,,,,,,,,,,,,,,,,,,,,,,,,,,,,,,,,,,
8a,Follett et al.,2005,Mexico,Bajio Research Station,North America,no,,20° 30' N,100° 49' W,,1753,380,647,,18.7,,0.338,Semi-Arid,2.9706,cereals,cereals,yes,0,never,NT,no,no,no,yes,yes,no,no,1,6,5,flood,floodfurr,fresh,,,,,,Plot,0,15,15,0-10cm,0-10cm,0.95,1.11,1.008300862,1.101932,C,,,C,,,,,4,4,16.7,17.3,,,,,,,25.25793659,28.5951354,0.015329632,4,4,16.7,16.7,17.3,17.3,0.015329632,0.12,3.592814371,1.565625,1.4247069,,,1.5780498,1.458043109,23.7975,28.8045,23.7975,28.8045,2.238035888,1.608373083,,,2.238035888,1.608373083,0.082929005,1.0014,21.04002521,,,,,,,,,,,,,,,,,,,,,,4,4,1.3,1.6,,,,,0.208445532,0.382905983,,,,,1.966186681,2.6446368,0.09017663,,,0.245773335,0.377805257
8a,Follett et al.,2005,Mexico,Bajio Research Station,North America,no,,20° 30' N,100° 49' W,,1753,380,647,,18.7,,0.338,Semi-Arid,2.9706,cereals,cereals,yes,0,never,NT,no,no,no,yes,yes,no,no,1,6,5,flood,floodfurr,fresh,,,,,,Plot,15,30,15,20-30cm,20-30cm,1.02,1.13,1.051885057,1.141159833,C,,,C,,,,,4,4,14.1,18.2,,,,,,,22.24736896,31.15366344,0.110852275,4,4,14.1,14.1,18.2,18.2,0.110852275,0.82,29.07801418,1.321875,1.4988246,,,1.3323654,1.533895063,21.573,30.849,21.573,30.849,2.028832785,1.722532981,,,2.028832785,1.722532981,0.155330547,1.8552,42.99819218,,,,,,,,,,,,,,,,,,,,,,4,4,1.2,1.6,,,,,0.192411261,0.382905983,,,,,1.893393103,2.738783599,0.124938737,,,0.236674138,0.3912548
8b,Follett et al.,2005,Mexico,Bajio Research Station,North America,no,,20° 30' N,100° 49' W,,1753,380,647,,18.7,,0.338,Semi-Arid,2.9706,mixed,cereals,yes,0,never,NT,no,no,no,yes,yes,no,no,1,6,5,flood,floodfurr,fresh,,,,,,Plot,0,15,15,0-10cm,0-10cm,0.95,0.96,1.006027299,1.047138667,C,,,C,,,,,4,4,16.2,15,,,,,,,24.44646337,23.56062001,-0.033423755,4,4,16.2,16.2,15,15,-0.033423755,-0.24,-7.407407407,1.51875,1.235295,,,1.5308028,1.264199228,23.085,21.6,23.085,21.6,2.171028825,1.206091361,,,2.171028825,1.206091361,-0.028876128,-0.297,-6.432748538,,,,,,,,,,,,,,,,,,,,,,4,4,1.4,1.4,,,,,0.224479804,0.335042735,,,,,2.112657328,2.198991201,0,,,0.264082166,0.3141416
8b,Follett et al.,2005,Mexico,Bajio Research Station,North America,no,,20° 30' N,100° 49' W,,1753,380,647,,18.7,,0.338,Semi-Arid,2.9706,mixed,cereals,yes,0,never,NT,no,no,no,yes,yes,no,no,1,6,5,flood,floodfurr,fresh,,,,,,Plot,15,30,15,20-30cm,20-30cm,1.02,1.07,1.021326149,1.099496833,C,,,C,,,,,4,4,13.9,14.9,,,,,,,21.29465021,24.57375422,0.030171468,4,4,13.9,13.9,14.9,14.9,0.030171468,0.2,7.194244604,1.303125,1.2270597,,,1.3134666,1.255771233,21.267,23.9145,21.267,23.9145,2.000055015,1.3353274,,,2.000055015,1.3353274,0.050955074,0.5295,12.44886444,,,,,,,,,,,,,,,,,,,,,,4,4,1.3,1.4,,,,,0.208445532,0.335042735,,,,,1.991585991,2.308943349,0.032184683,,,0.248948249,0.32984905
9a,Halvorson and Jantalla,2011,USA,Fort Collins-1,North America,no,,40° 39' N,105° 0' W,1555,1550,400,382,9.5,9.1,semiarid,0.2278,Semi-Arid,4.4005,cereals,cereals,no,0,never,NT,no,no,no,yes,yes,no,no,1,11,10,sprinklers,sprinkler,fresh,,,,,,Plot,0,8,7.6,0-10cm,0-10cm,1.39,1.368049,1.441601,1.368049,CL,41,34,CL,41,34,,,,,,,,,,,,,,,,3,3,11.41613025,11.41613025,15.18682137,15.18682137,0.123947969,0.377069112,33.02950328,1.070262211,1.2506803,,,1.078755812,1.279944523,12.06,15.79,12.06,15.79,1.1341827,0.88167512,,,1.1341827,0.88167512,0.117034822,0.373,30.92868988,,,,,,,,,,,,,,,,,,,,,,3,3,1.31,1.88,,,,,0.210049,0.449915,,,,,1.510797,2.057545,0.156886554,,,0.18885,0.293935
9a,Halvorson and Jantalla,2011,USA,Fort Collins-1,North America,no,,40° 39' N,105° 0' W,1555,1550,400,382,9.5,9.1,semiarid,0.2278,Semi-Arid,4.4005,cereals,cereals,no,0,never,NT,no,no,no,yes,yes,no,no,1,11,10,sprinklers,sprinkler,fresh,,,,,,Plot,8,15,7.6,10-20cm,10-20cm,1.39,1.359562,1.427124,1.359562,CL,41,34,CL,41,34,,,,,,,,,,,,,,,,3,3,11.59598637,11.59598637,11.99109094,11.99109094,0.014551,0.039510457,3.407252798,1.087123722,0.987502312,,,1.095751136,1.010608527,12.25,12.39,12.25,12.39,1.15205125,0.691827406,,,1.15205125,0.691827406,0.004935218,0.014,1.142857143,,,,,,,,,,,,,,,,,,,,,,3,3,1.37,1.68,,,,,0.21967,0.402051,,,,,1.368612,1.598844,0.088588715,,,0.171077,0.228406
9a,Halvorson and Jantalla,2011,USA,Fort Collins-1,North America,no,,40° 39' N,105° 0' W,1555,1550,400,382,9.5,9.1,semiarid,0.2278,Semi-Arid,4.4005,cereals,cereals,no,0,never,NT,no,no,no,yes,yes,no,no,1,11,10,sprinklers,sprinkler,fresh,,,,,,Plot,15,30,15,20-30cm,20-30cm,1.39,1.389846,1.440604,1.389846,CL,41,34,CL,41,34,,,,,,,,,,,,,,,,3,3,10.77697842,10.77697842,10.60069485,10.60069485,-0.00716268,-0.017628357,-1.635742054,1.010341727,0.872999023,,,1.018359799,0.893426016,22.47,22.1,22.47,22.1,2.11319115,1.234010142,,,2.11319115,1.234010142,-0.007210799,-0.037,-1.646639964,,,,,,,,,,,,,,,,,,,,,,3,3,2.58,3.09,,,,,0.413684,0.739487,,,,,5.575138,6.441935,0.078338773,,,0.696892,0.920276
9b,Follett et al.,2013,USA,Fort Collins-1,North America,no,,40° 39' N,105° 0' W,1555,1550,400,382,9.5,9.1,semiarid,0.2278,Semi-Arid,4.4005,cereals,cereals,no,0,never,NT,no,no,no,yes,yes,no,no,3,11,8,sprinklers ,sprinkler,fresh,,,,,,Plot,30,60,30,40-50cm,30+cm,1.55,1.508464834,1.431629693,1.508464834,CL,41,34,CL,41,34,,,,,,,,,,,,,,,,3,3,3.189247312,3.189247312,3.190882032,3.190882032,0.00022255,0.00020434,0.051257234,0.298991935,0.262778708,,,0.301364735,0.268927373,14.83,14.44,14.83,14.44,1.39468735,0.80629441,,,1.39468735,0.80629441,-0.011573958,-0.04875,-2.62980445,,,,,,,,,,,,,,,,,,,,,,,,,,,,,,,,,,,,,,,,,,
10a,Friedel et al.,2000,Mexico,Mezquital-1,North America,no,,20° 30' N,99° 15' W,1900,1707,550,348,17,18.3,semiarid,0.1849,Arid,5.3276,maize,cereals,yes,,,,no,no,,,,yes,,25,80,55,flood,floodfurr,sewage,8.4,,,75.7,17.3,Farm,0,15,15,0-10cm,0-10cm,1.364309195,1.341263333,1.364309195,1.341263333,,,34.5,,,26.1,7.9,7.7,,,,,,,,,,,,,,4,4,2.2,2.2,2.3,2.3,0.019305155,0.001818182,4.545454545,0.20625,0.1894119,,,0.2078868,0.193843882,4.502220344,4.627358499,4.502220344,4.627358499,0.423411312,0.258380422,,,0.423411312,0.258380422,0.011906401,0.002275239,2.779476476,,,,,,,,,,,,,,,,,,,,,,,,,,,,,,,,,,,,,,,,,,
10b,Friedel et al.,2000,Mexico,Mezquital-1,North America,no,,20° 30' N,99° 15' W,1900,1707,550,348,17,18.3,semiarid,0.1849,Arid,5.3276,maize,cereals,yes,,,,no,no,,,,yes,,25,80,55,flood,floodfurr,sewage,8.4,,,75.7,17.3,Farm,0,15,15,0-10cm,0-10cm,1.360944828,1.321875333,1.360944828,1.321875333,,,52.6,,,38.8,7.9,7.6,,,,,,,,,,,,,,4,4,1.7,1.7,2.7,2.7,0.200914843,0.018181818,58.82352941,0.159375,0.2223531,,,0.1606398,0.227555861,3.470409311,5.353595099,3.470409311,5.353595099,0.326374644,0.298931704,,,0.326374644,0.298931704,0.188264822,0.034239742,54.26408294,,,,,,,,,,,,,,,,,,,,,,,,,,,,,,,,,,,,,,,,,,
11,Ghimire et al.,2017,USA,Lingle,North America,no,,42° 7' N,104° 23' W,,1282,332,341,8.6,8.9,semiarid,0.2027,Semi-Arid,4.8592,mixed,cereals,yes,1,once,RT,no,no,no,yes,yes,no,no,8,10,2,sprinklers,sprinkler,fresh,,,,,,Plot,0,10,10,0-10cm,0-10cm,1.421808908,1.436369833,1.421808908,1.436369833,L,41,18,L,41,18,,,,,,,,,,,,,,,,6,6,14.20725379,14.20725379,16.63916872,16.63916872,0.068621487,1.215957465,17.11741739,1.331930043,1.370285462,,,1.34250024,1.402348283,20.2,23.9,20.2,23.9,2.1,2.4,0.103960396,0.10041841,1.899709,1.334517756,0.073046532,1.85,18.31683168,,,,,,,,,,,,,,,,,,,,,,6,6,,,,,,,,,1.14,1.37,0.17,0.24,1.14,1.37,,0.149122807,0.175182482,0.1425,0.195714286
12,Halvorson et al.,2003,USA,Dalhart,North America,no,,36° 4' N,102° 30' W,,1215,,442,,12.6,semiarid,0.2113,Semi-Arid,4.7081,cereals,cereals,no,3,multiple,CT,no,no,no,yes,yes,no,no,1,4,3,sprinklers,sprinkler,fresh,,,,,,Farm,0,20,20,0-10cm,0-10cm,1.393739656,1.294312583,1.393739656,1.294312583,SL,,,SL,,,,,,,,,,,,,,,,,,1,1,3.533658514,3.533658514,4.585445647,4.585445647,0.113156972,0.350595711,29.76482105,0.331280486,0.377625205,,,0.333909528,0.386461123,9.85,11.87,9.85,11.87,0.92634325,0.662791873,,,0.92634325,0.662791873,0.081014488,0.673333333,20.50761421,,,,,,,,,,,,,,,,,,,,,,1,1,,,,,,,,,1.44,2.09,,,2,2.81,,,,0.25,0.401428572
13,Hao et al.,2001,Canada,Lethbridge-1,North America,no,,49° 42' N,112° 48' W,915,918,,380,,6.3,semiarid,0.2928,Semi-Arid,3.4395,mixed,cereals,yes,annually,once,na,no,no,yes,yes,yes,no,no,1,4,3,sprinklers,sprinkler,fresh,,,,,,Plot,0,15,15,0-10cm,0-10cm,1.405215517,1.421333833,1.405215517,1.421333833,CL,,27.5,CL,,27.5,7.69,,,,,,,,,,,,,,,4,4,13.18896149,13.18896149,14.11819391,14.11819391,0.029568543,0.309744142,7.045531417,1.236465139,1.162675623,,,1.246277727,1.189880656,27.8,30.1,27.8,30.1,2.614451,1.680710646,,,2.614451,1.680710646,0.0345217,0.766666667,8.273381295,,,,,,,,,,,,,,,,,,,,,,4,4,,,,,,,,,2.97,3.43,,,2.97,3.43,,,,0.37125,0.49
13,Hao et al.,2001,Canada,Lethbridge-1,North America,no,,49° 42' N,112° 48' W,915,918,,380,,6.3,semiarid,0.2928,Semi-Arid,3.4395,mixed,cereals,yes,annually,once,na,no,no,yes,yes,yes,no,no,1,4,3,sprinklers,sprinkler,fresh,,,,,,Plot,15,30,15,20-30cm,20-30cm,1.414195402,1.434472667,1.414195402,1.434472667,CL,,34.1,CL,,34.1,7.63,,,,,,,,,,,,,,,4,4,11.03100744,11.03100744,12.08341834,12.08341834,0.039574634,0.350803634,9.540478574,1.034156947,0.995105751,,,1.042364017,1.018389875,23.4,26,23.4,26,2.200653,1.451776638,,,2.200653,1.451776638,0.045757491,0.866666667,11.11111111,,,,,,,,,,,,,,,,,,,,,,4,4,,,,,,,,,2.6,3.04,,,2.6,3.04,,,,0.325,0.434285714
14a,Haring et al.,2017,Ghana,Tamale,Africa,no,,9° 28' N,0° 51' W,,173,1111,1084,27.9,28.1,semiarid,0.5301,Dry sub-humid,1.8838,mixed,horticulture,yes,frequent,multiple,CT,,yes,,no,,yes,no,0,2,2,sprinklers,sprinkler,mixed,,,,,,Plot,0,20,20,0-10cm,0-10cm,1.485881034,1.494794667,1.485881034,1.494794667,,,5,,,5,,,,,,,,,,,,,,,,4,4,0.336500695,0.336500695,0.234145871,0.234145871,-0.15749946,-0.051177412,-30.41741807,0.03154694,0.019282615,,,0.031797297,0.019733802,1,0.7,1,0.7,0.2,0.1,0.2,0.142857143,0.094045,0.039086294,-0.15490196,-0.15,-30,,,,,,,,,,,,,,,,,,,,,,4,4,,,,,,,,,1.1,0.7,0.2,0.1,1.1,0.7,,0.181818182,0.142857143,0.1375,0.1
14b,Haring et al.,2017,Burkina Faso,Ouagadougou,Africa,no,,12° 24' N,1° 29' W,,288,788,720,28.2,28.7,semiarid,0.5301,Dry sub-humid,1.8838,mixed,horticulture,yes,frequent,multiple,CT,,yes,,no,,yes,no,0,2,2,sprinklers,sprinkler,mixed,,,,,,Plot,0,20,20,0-10cm,0-10cm,1.483216667,1.492084333,1.483216667,1.492084333,,,8,,,8,,,,,,,,,,,,,,,,4,4,0.539368265,0.539368265,0.670203405,0.670203405,0.09432124,0.06541757,24.25710751,0.050565775,0.055193261,,,0.050967065,0.056484708,1.6,2,1.6,2,0.2,0.3,0.125,0.15,0.150472,0.111675126,0.096910013,0.2,25,,,,,,,,,,,,,,,,,,,,,,4,4,,,,,,,,,1.6,2,0.2,0.3,1.6,2,,0.125,0.15,0.2,0.285714286
15a,Hegde et al.,1996,India,Akola-N,Asia,yes,N-,20° 42' N,77° 02' E,307,293,793,716,27.2,27.6,semiarid,0.2991,Semi-Arid,3.3467,cereals,cereals,yes,,,,no,no,yes,no,no,no,no,0,9,9,check basin,floodfurr,fresh,,,,,,Plot,0,15,15,0-10cm,0-10cm,1.390561351,1.3446005,1.390561351,1.3446005,C,35,52,C,35,52,7.4,7.4,,,,,,,,,,,,,,4,4,1.91769077,1.91769077,1.784916784,1.784916784,-0.031160605,-0.014752665,-6.923638995,0.17978351,0.146993252,,,0.181210272,0.150432695,4,3.6,4,3.6,0.37618,0.201015227,,,0.37618,0.201015227,-0.045757491,-0.044444444,-10,,,,,,,,,,,,,,,,,,,,,,,,,,,,,,,,,,,,,,,,,,
15aa,Hegde et al.,1996,India,Akola+N,Asia,yes,N+,20° 42' N,77° 02' E,307,293,793,716,27.2,27.6,semiarid,0.2991,Semi-Arid,3.3467,cereals,cereals,yes,,,,no,no,yes,yes,no,no,no,0,9,9,check basin,floodfurr,fresh,,,,,,Plot,0,15,15,0-10cm,0-10cm,1.39141523,1.337666833,1.39141523,1.337666833,C,35,52,C,35,52,7.4,7.4,,,,,,,,,,,,,,4,4,1.916513927,1.916513927,2.591577051,2.591577051,0.131052146,0.075007014,35.22349171,0.179673181,0.213424145,,,0.181099067,0.21841798,4,5.2,4,5.2,0.37618,0.290355328,,,0.37618,0.290355328,0.113943352,0.133333333,30,,,,,,,,,,,,,,,,,,,,,,,,,,,,,,,,,,,,,,,,,,
15b,Hegde et al.,1996,India,Parbhani-N,Asia,yes,N-,19° 0' N,76° 0' E,408,512,965,776,27.2,26.4,semiarid,0.2991,Semi-Arid,3.0619,cereals,cereals,yes,,,,no,no,yes,no,no,no,no,0,9,9,check basin,floodfurr,fresh,,,,,,Plot,0,15,15,0-10cm,0-10cm,1.317979598,1.3034915,1.317979598,1.3034915,C,18,57,C,18,57,8,8,,,,,,,,,,,,,,4,4,3.33844318,3.33844318,3.682417569,3.682417569,0.042589045,0.038219377,10.30343697,0.312979048,0.303258134,,,0.31546285,0.310353963,6.6,7.2,6.6,7.2,0.620697,0.402030454,,,0.620697,0.402030454,0.037788561,0.066666667,9.090909091,,,,,,,,,,,,,,,,,,,,,,,,,,,,,,,,,,,,,,,,,,
15bb,Hegde et al.,1996,India,Parbhani+N,Asia,yes,N+,19° 0' N,76° 0' E,408,512,965,776,27.2,26.4,semiarid,0.2991,Semi-Arid,3.0619,cereals,cereals,yes,,,,no,no,yes,yes,no,no,no,0,9,9,check basin,floodfurr,fresh,,,,,,Plot,0,15,15,0-10cm,0-10cm,1.319965517,1.3059875,1.319965517,1.3059875,C,18,57,C,18,57,8,8,,,,,,,,,,,,,,4,4,3.333420414,3.333420414,3.879567505,3.879567505,0.065893222,0.06068301,16.38398471,0.312508164,0.319494023,,,0.314988229,0.32696975,6.6,7.6,6.6,7.6,0.620697,0.424365479,,,0.620697,0.424365479,0.061269657,0.111111111,15.15151515,,,,,,,,,,,,,,,,,,,,,,,,,,,,,,,,,,,,,,,,,,
15c,Hegde et al.,1996,India,Rahuri-N,Asia,yes,N-,19° 52' N,74° 18' E,447,536,520,491,27.6,25.8,semiarid,0.2991,Semi-Arid,4.6456,cereals,cereals,yes,,,,no,no,yes,no,no,no,no,0,9,9,check basin,floodfurr,fresh,,,,,,Plot,0,15,15,0-10cm,0-10cm,1.318728448,1.293882833,1.318728448,1.293882833,C,22,51,C,22,51,8.1,8.1,,,,,,,,,,,,,,4,4,3.235439922,3.235439922,1.854882018,1.854882018,-0.241617049,-0.153395323,-42.66986677,0.303322493,0.152755099,,,0.30572966,0.156329361,6.4,3.6,6.4,3.6,0.601888,0.201015227,,,0.601888,0.201015227,-0.249877473,-0.311111111,-43.75,,,,,,,,,,,,,,,,,,,,,,,,,,,,,,,,,,,,,,,,,,
15cc,Hegde et al.,1996,India,Rahuri+N,Asia,yes,N+,19° 52' N,74° 18' E,447,536,520,491,27.6,25.8,semiarid,0.2991,Semi-Arid,4.6456,cereals,cereals,yes,,,,no,no,yes,yes,no,no,no,0,9,9,check basin,floodfurr,fresh,,,,,,Plot,0,15,15,0-10cm,0-10cm,1.316510632,1.292093333,1.316510632,1.292093333,C,22,51,C,22,51,8.1,8.1,,,,,,,,,,,,,,4,4,3.240890398,3.240890398,2.218621978,2.218621978,-0.164581033,-0.11358538,-31.54282603,0.303833475,0.182710176,,,0.306244697,0.186985346,6.4,4.3,6.4,4.3,0.601888,0.240101521,,,0.601888,0.240101521,-0.172711518,-0.233333333,-32.8125,,,,,,,,,,,,,,,,,,,,,,,,,,,,,,,,,,,,,,,,,,
16,Hou et al.,2012,China,Yucheng,Asia,no,,36° 50' N,116° 34' E,20,23,567,607,13.4,13.4,semiarid,0.4123,Semi-Arid,2.4283,cereals,cereals,yes,1,once,CT,yes,no,yes,yes,yes,no,no,6,11,5,,,fresh,,,,,,Plot,0,3,2.5,0-10cm,0-10cm,1.23,1.403333333,1.247696,1.392083167,SiL,12,22,SiL,12,22,8.6,8.6,,,,,,,,,,,,,,3,3,6.008333333,6.008333333,8.311666667,8.311666667,0.140934099,0.460666667,38.33564494,0.56328125,0.684490685,,,0.56775145,0.700506839,1.8475625,2.916009722,1.8475625,2.916009722,0.173754015,0.162822877,,,0.173754015,0.162822877,0.198189829,0.213689444,57.83009897,,,,,,,,,,,,,,,,,,,,,,3,3,0.611666667,0.92,,,,,0.0980765,0.220170667,,,,,0.316437167,0.5282445,0.177273013,,,0.0395545,0.0754635
16,Hou et al.,2012,China,Yucheng,Asia,no,,36° 50' N,116° 34' E,20,23,567,607,13.4,13.4,semiarid,0.4123,Semi-Arid,2.4283,cereals,cereals,yes,1,once,CT,yes,no,yes,yes,yes,no,no,6,11,5,,,fresh,,,,,,Plot,10,20,10,10-20cm,10-20cm,1.37,1.43,1.362457,1.412029,,,,,,,,,,,,,,,,,,,,,,3,3,5.17,5.17,6.23,6.23,0.080997504,0.212,20.50290135,0.4846875,0.51305919,,,0.48853398,0.525064079,7.0829,8.9089,7.0829,8.9089,0.666111331,0.497451265,,,0.666111331,0.497451265,0.099612974,0.3652,25.78040068,,,,,,,,,,,,,,,,,,,,,,3,3,0.51,0.67,,,,,0.081775,0.160342,,,,,0.694853,0.94606,0.118504627,,,0.086857,0.135151
16,Hou et al.,2012,China,Yucheng,Asia,no,,36° 50' N,116° 34' E,20,23,567,607,13.4,13.4,semiarid,0.4123,Semi-Arid,2.4283,cereals,cereals,yes,1,once,CT,yes,no,yes,yes,yes,no,no,6,11,5,,,fresh,,,,,,Plot,20,40,20,20-30cm,20-30cm,1.44,1.47,1.418457,1.447037,,,,,,,,,,,,,,,,,,,,,,3,3,3.42,3.42,4.62,4.62,0.130615869,0.24,35.0877193,0.320625,0.38047086,,,0.32316948,0.389373362,9.8496,13.5828,9.8496,13.5828,0.926305632,0.758430451,,,0.926305632,0.758430451,0.139570712,0.74664,37.90204678,,,,,,,,,,,,,,,,,,,,,,3,3,0.42,0.57,,,,,0.067344,0.13641,,,,,1.191504,1.649622,0.132625565,,,0.148938,0.23566
16,Hou et al.,2012,China,Yucheng,Asia,no,,36° 50' N,116° 34' E,20,23,567,607,13.4,13.4,semiarid,0.4123,Semi-Arid,2.4283,cereals,cereals,yes,1,once,CT,yes,no,yes,yes,yes,no,no,6,11,5,,,fresh,,,,,,Plot,40,60,20,40-50cm,30+cm,1.37,1.37,1.368791,1.390035,,,,,,,,,,,,,,,,,,,,,,3,3,2.6,2.6,3.59,3.59,0.140121101,0.198,38.07692308,0.24375,0.29564727,,,0.2456844,0.302565015,7.124,9.8366,7.124,9.8366,0.66997658,0.549251772,,,0.66997658,0.549251772,0.140121101,0.54252,38.07692308,,,,,,,,,,,,,,,,,,,,,,3,3,0.32,0.39,,,,,0.05131,0.093333,,,,,0.876026,1.084227,0.085914629,,,0.109503,0.15489
17,Hulugalle et al.,2013,Australia,Narrabri-1,Oceania,no,,30° 13' S,149° 47' E,,229,593,652,,19.1,semiarid,0.3142,Semi-Arid,3.181,mixed,woody crops,yes,frequent,multiple,CT,no,no,yes,yes,yes,no,no,1,9,8,furrow,floodfurr,fresh,,,,,,Plot,0,10,10,0-10cm,0-10cm,1.364659195,1.39614,1.364659195,1.39614,HC,25,64,HC,25,64,,,,,,,,,,,,,,,,4,4,0.83,0.83,1.07,1.07,0.110305685,0.03,28.91566265,0.0778125,0.08811771,,,0.07843002,0.090179545,1.132667132,1.4938698,1.132667132,1.4938698,0.10652168,0.083414049,,,0.10652168,0.083414049,0.120210449,0.045150334,31.88956914,,,,,,,,,,,,,,,,,,,,,,,,,,,,,,,,,,,,,,,,,,
17,Hulugalle et al.,2013,Australia,Narrabri-1,Oceania,no,,30° 13' S,149° 47' E,,229,593,652,,19.1,semiarid,0.3142,Semi-Arid,3.181,mixed,woody crops,yes,frequent,multiple,CT,no,no,yes,yes,yes,no,no,1,9,8,furrow,floodfurr,fresh,,,,,,Plot,10,30,20,10-20cm,10-20cm,1.372227299,1.392434167,1.372227299,1.392434167,HC,25,64,HC,25,64,,,,,,,,,,,,,,,,4,4,0.63,0.63,0.55,0.55,-0.05897786,-0.01,-12.6984127,0.0590625,0.04529415,,,0.05953122,0.046353972,1.729006397,1.531677584,1.729006397,1.531677584,0.162604407,0.085525144,,,0.162604407,0.085525144,-0.052629244,-0.024666102,-11.41284459,,,,,,,,,,,,,,,,,,,,,,,,,,,,,,,,,,,,,,,,,,
17,Hulugalle et al.,2013,Australia,Narrabri-1,Oceania,no,,30° 13' S,149° 47' E,,229,593,652,,19.1,semiarid,0.3142,Semi-Arid,3.181,mixed,woody crops,yes,frequent,multiple,CT,no,no,yes,yes,yes,no,no,1,9,8,furrow,floodfurr,fresh,,,,,,Plot,30,60,30,40-50cm,30+cm,1.369374138,1.404732333,1.369374138,1.404732333,HC,25,64,HC,25,64,,,,,,,,,,,,,,,,4,4,0.495,0.495,0.425,0.425,-0.066216269,-0.00875,-14.14141414,0.04640625,0.035000025,,,0.04677453,0.035818978,2.033520595,1.791033725,2.033520595,1.791033725,0.191242444,0.100006958,,,0.191242444,0.100006958,-0.055144812,-0.030310859,-11.92448559,,,,,,,,,,,,,,,,,,,,,,,,,,,,,,,,,,,,,,,,,,
18a,Iqbal et al.,2012,Pakistan,Faisalabad-N,Asia,yes,N-,31° 26' N,73° 06' E,184.4,185,292,362,,24.1,semiarid,0.1884,Arid,5.3039,cereals,cereals,no,annually,once,CT,,,,no,yes,no,no,0,2,2,flood,floodfurr,fresh,,,,,,Plot,0,5,5,0-10cm,0-10cm,1.45,1.45,1.449094684,1.446500833,SCL,53,26,SCL,53,26,7.5,7.5,,,,,,,,,,,,,,3,3,4.55,4.55,6.7,6.7,0.168063406,1.075,47.25274725,0.4265625,0.5517651,,,0.4299477,0.564675655,3.29875,4.8575,3.29875,4.8575,0.310230944,0.271230962,,,0.310230944,0.271230962,0.168063406,0.779375,47.25274725,,,,,,,,,,,,,,,,,,,,,,,,,,,,,,,,,,,,,,,,,,
18b,Iqbal et al.,2012,Pakistan,Faisalabad+N,Asia,yes,N+,31° 26' N,73° 06' E,184.4,185,292,362,,24.1,semiarid,0.1884,Arid,5.3039,cereals,cereals,no,annually,once,CT,,,,yes,yes,no,no,0,2,2,flood,floodfurr,fresh,,,,,,Plot,0,5,5,0-10cm,0-10cm,1.45,1.45,1.448134483,1.438544334,SCL,53,26,SCL,53,26,7.5,7.5,,,,,,,,,,,,,,3,3,6.05,6.05,7.65,7.65,0.101906061,0.8,26.44628099,0.5671875,0.63000045,,,0.5716887,0.644741606,4.38625,5.54625,4.38625,5.54625,0.412504881,0.309689084,,,0.412504881,0.309689084,0.101906061,0.58,26.44628099,,,,,,,,,,,,,,,,,,,,,,,,,,,,,,,,,,,,,,,,,,
18a,Iqbal et al.,2012,Pakistan,Faisalabad-N,Asia,yes,N-,31° 26' N,73° 06' E,184.4,185,292,362,,24.1,semiarid,0.1884,Arid,5.3039,cereals,cereals,no,annually,once,CT,,,,no,yes,no,no,0,2,2,flood,floodfurr,fresh,,,,,,Plot,10,20,10,10-20cm,10-20cm,1.45,1.45,1.450182471,1.448414333,SCL,53,26,SCL,53,26,7.5,7.5,,,,,,,,,,,,,,3,3,2.9,2.9,3.4,3.4,0.069080919,0.25,17.24137931,0.271875,0.2800002,,,0.2740326,0.286551825,4.205,4.93,4.205,4.93,0.395459225,0.275279186,,,0.395459225,0.275279186,0.069080919,0.3625,17.24137931,,,,,,,,,,,,,,,,,,,,,,,,,,,,,,,,,,,,,,,,,,
18b,Iqbal et al.,2012,Pakistan,Faisalabad+N,Asia,yes,N+,31° 26' N,73° 06' E,184.4,185,292,362,,24.1,semiarid,0.1884,Arid,5.3039,cereals,cereals,no,annually,once,CT,,,,yes,yes,no,no,0,2,2,flood,floodfurr,fresh,,,,,,Plot,10,20,10,10-20cm,10-20cm,1.45,1.45,1.447707184,1.448597167,SCL,53,26,SCL,53,26,7.5,7.5,,,,,,,,,,,,,,3,3,3.7,3.7,4.3,4.3,0.065266732,0.3,16.21621622,0.346875,0.3541179,,,0.3496278,0.362403779,5.365,6.235,5.365,6.235,0.504551425,0.348147205,,,0.504551425,0.348147205,0.065266732,0.435,16.21621622,,,,,,,,,,,,,,,,,,,,,,,,,,,,,,,,,,,,,,,,,,
19,Kiziloglu et al.,2008,Turkey,Erzurum,Middle East,no,,39° 55' N,41° 16' E,1835,1851,,434,,5.5,semiarid,0.3727,Semi-Arid,2.8249,vegetables,horticulture,yes,,,,,no,yes,yes,,no,no,0,0.5,0.5,flood,floodfurr,fresh,,,,,,Plot,0,30,30,10-20cm,10-20cm,1.382948563,1.342146,1.382948563,1.342146,L,,,L,,,7.25,7.49,,,,,,,,,,,,,,3,2,8.4,8.4,11,11,0.117113399,5.2,30.95238095,0.5,0.7,0.05952381,0.063636364,0.7937496,0.927079434,34.85030379,44.290818,34.85030379,44.290818,3.27749682,2.47309134,,,3.27749682,2.47309134,0.104107133,18.88102842,27.0887573,3,2,11,9.4,0.9,1.6,0.081818182,0.170212766,6.510204082,3.356892697,,,,,45.63730258,37.8485172,,,,,-0.068264832,3,2,1.1,0.7,0.2,0.1,0.181818182,0.142857143,0.176376989,0.167521368,,,,,4.563730258,2.8185066,-0.196294645,,,0.570466282,0.4026438
20,Larney et al.,2016,Canada,Vauxhall,North America,no,,50° 04' N,112° 06' W,,778,303,337,5.7,5.5,,0.2795,Semi-Arid,3.5638,mixed,horticulture,yes,frequent,multiple,CT,no,no,no,yes,yes,no,no,0,12,12,sprinklers,sprinkler,fresh,,,,,,Plot,0,8,7.5,0-10cm,0-10cm,1.413398,1.321451,1.413398,1.321451,SL,,,SL,,,7.37,7.51,,,,,,,,,,,,,,2,2,9.999542474,9.999542474,8.879128574,8.879128574,-0.051609785,-0.093367825,-11.20465164,0.937457107,0.731222875,,,0.944896767,0.748332499,10.6,8.8,10.6,8.8,1,0,0.09434,0,0.996877,0.491370554,-0.080823193,-0.15,-16.98113208,,,,,,,,,,,,,,,,,,,,,,2,2,,,,,,,,,1.1,1,0.1,0.01,1.1,1,,0.090909,0.01,0.1375,0.142857
20,Larney et al.,2016,Canada,Vauxhall,North America,no,,50° 04' N,112° 06' W,,778,303,337,5.7,5.5,,0.2795,Semi-Arid,3.5638,mixed,horticulture,yes,frequent,multiple,CT,no,no,no,yes,yes,no,no,0,12,12,sprinklers,sprinkler,fresh,,,,,,Plot,8,15,7.5,10-20cm,10-20cm,1.417411,1.317835,1.417411,1.317835,SL,,,SL,,,7.31,7.46,,,,,,,,,,,,,,2,2,11.10005026,11.10005026,10.3199566,10.3199566,-0.031647074,-0.065007805,-7.027838996,1.040629711,0.849879386,,,1.048888149,0.86976541,11.8,10.2,11.8,10.2,0.1,0.1,0.008475,0.009804,1.109731,0.569543143,-0.063281836,-0.133333333,-13.55932203,,,,,,,,,,,,,,,,,,,,,,2,2,,,,,,,,,1.3,1.1,0.01,0.01,1.3,1.1,,0.007692,0.009091,0.1625,0.157143
20,Larney et al.,2016,Canada,Vauxhall,North America,no,,50° 04' N,112° 06' W,,778,303,337,5.7,5.5,,0.2795,Semi-Arid,3.5638,mixed,horticulture,yes,frequent,multiple,CT,no,no,no,yes,yes,no,no,0,12,12,sprinklers,sprinkler,fresh,,,,,,Plot,15,30,15,20-30cm,20-30cm,1.407058,1.313806,1.407058,1.313806,SL,,,SL,,,,,,,,,,,,,,,,,,2,2,7.580829409,7.580829409,8.321878065,8.321878065,0.040504624,0.061754055,9.775297875,0.710702757,0.685331624,,,0.716342894,0.701367455,16,16.4,16,16.4,1.5,1.3,0.09375,0.079268,1.50472,0.915736033,0.010723865,0.033333333,2.5,,,,,,,,,,,,,,,,,,,,,,2,2,,,,,,,,,,,,,,,,,,,
21a,Lenka et al.,2014,India,Pusa-N,Asia,yes,N-,23° 27' N,78° 48' E,,487,,1231,,25.6,semiarid,0.5888,Dry sub-humid,1.6994,cereals,cereals,yes,,,,yes,no,yes,no,,no,no,0,1,1,spray by hose,sprinkler,fresh,,,,,,Plot,0,15,15,0-10cm,0-10cm,1.394353448,1.401693833,1.394353448,1.401693833,CL,,,CL,,,7.56,7.56,,,,,,,,,,,,,,3,3,3.5,3.5,3.5,3.5,0,0,0,0.5,0.5,0.142857143,0.142857143,0.330729,0.29497982,7.320355602,7.358892623,7.320355602,7.358892623,0.688442843,0.41090263,,,0.688442843,0.41090263,0.002280288,0.038537021,0.526436465,,,,,,,,,,,,,,,,,,,,,,,,,,,,,,,,,,,,,,,,,,
21a,Lenka et al.,2014,India,Pusa-N,Asia,yes,N-,23° 27' N,78° 48' E,,487,,1231,,25.6,semiarid,0.5888,Dry sub-humid,1.6994,cereals,cereals,yes,,,,yes,no,yes,no,,no,no,0,1,1,spray by hose,sprinkler,fresh,,,,,,Plot,15,30,15,20-30cm,20-30cm,1.411052011,1.433455,1.411052011,1.433455,CL,,,CL,,,,,,,,,,,,,,,,,,3,3,2.5,2.5,2.8,2.8,0.049218023,0.3,12,1.7,0.5,0.68,0.178571429,0.236235,0.235983856,5.291445041,6.020511,5.291445041,6.020511,0.497633949,0.336170662,,,0.497633949,0.336170662,0.056059064,0.729065959,13.77820148,,,,,,,,,,,,,,,,,,,,,,,,,,,,,,,,,,,,,,,,,,
21a,Lenka et al.,2014,India,Pusa-N,Asia,yes,N-,23° 27' N,78° 48' E,,487,,1231,,25.6,semiarid,0.5888,Dry sub-humid,1.6994,cereals,cereals,yes,,,,yes,no,yes,no,,no,no,0,1,1,spray by hose,sprinkler,fresh,,,,,,Plot,30,60,30,40-50cm,30+cm,1.407647414,1.432133389,1.407647414,1.432133389,CL,,,CL,,,,,,,,,,,,,,,,,,3,3,1.033333333,1.033333333,1.033333333,1.033333333,0,0,0,0.233333333,0.266666667,0.095238095,0.117647059,0.0976438,0.08708928,4.363706982,4.439613506,4.363706982,4.439613506,0.410384823,0.247897199,,,0.410384823,0.247897199,0.007489583,0.075906524,1.739496347,,,,,,,,,,,,,,,,,,,,,,,,,,,,,,,,,,,,,,,,,,
21b,Lenka et al.,2014,India,Pusa+N,Asia,yes,N+,23° 27' N,78° 48' E,,487,,1231,,25.6,semiarid,0.5888,Dry sub-humid,1.6994,cereals,cereals,yes,,,,yes,no,yes,yes,,no,no,0,1,1,spray by hose,sprinkler,fresh,,,,,,Plot,0,15,15,0-10cm,0-10cm,1.406198276,1.4306215,1.406198276,1.4306215,CL,,,CL,,,7.56,7.56,,,,,,,,,,,,,,3,3,4.5,4.5,5.1,5.1,0.054357662,0.6,13.33333333,0.3,0.3,0.066666667,0.058823529,0.425223,0.429827737,9.491838363,10.94425448,9.491838363,10.94425448,0.892659939,0.611100499,,,0.892659939,0.611100499,0.061835849,1.452416112,15.30173668,,,,,,,,,,,,,,,,,,,,,,,,,,,,,,,,,,,,,,,,,,
21b,Lenka et al.,2014,India,Pusa+N,Asia,yes,N+,23° 27' N,78° 48' E,,487,,1231,,25.6,semiarid,0.5888,Dry sub-humid,1.6994,cereals,cereals,yes,,,,yes,no,yes,yes,,no,no,0,1,1,spray by hose,sprinkler,fresh,,,,,,Plot,15,30,15,20-30cm,20-30cm,1.418097701,1.441992167,1.418097701,1.441992167,CL,,,CL,,,,,,,,,,,,,,,,,,3,3,3.3,3.3,3.3,3.3,0,0,0,0.2,0.2,0.060606061,0.060606061,0.3118302,0.27812383,7.01958362,7.137861227,7.01958362,7.137861227,0.660156742,0.398560776,,,0.660156742,0.398560776,0.007256748,0.118277607,1.684966133,,,,,,,,,,,,,,,,,,,,,,,,,,,,,,,,,,,,,,,,,,
21b,Lenka et al.,2014,India,Pusa+N,Asia,yes,N+,23° 27' N,78° 48' E,,487,,1231,,25.6,semiarid,0.5888,Dry sub-humid,1.6994,cereals,cereals,yes,,,,yes,no,yes,yes,,no,no,0,1,1,spray by hose,sprinkler,fresh,,,,,,Plot,30,60,30,40-50cm,30+cm,1.404962165,1.4322625,1.404962165,1.4322625,CL,,,CL,,,,,,,,,,,,,,,,,,3,3,1.3,1.3,1.4,1.4,0.032184683,0.1,7.692307692,0.22,0.166666667,0.173913043,0.086956522,0.1228422,0.117991928,5.479352442,6.0155025,5.479352442,6.0155025,0.5153057,0.335891,,,0.5153057,0.335891,0.040542676,0.536150058,9.784916438,,,,,,,,,,,,,,,,,,,,,,,,,,,,,,,,,,,,,,,,,,
22,Leavitt et al.,2001,USA,FACE,North America,no,,33° 03' N,112° 01' W,,360,,200,,21.6,semiarid,0.076,Arid,13.28,cereals,cereals,no,,,,no,no,no,yes,,no,no,0,2,2,subsurface drip,drippers,fresh,,,,,,Plot,0,15,15,0-10cm,0-10cm,1.48,1.48,1.478791379,1.4771845,L,,,L,,,,,,,,,,,,,,,,,,4,4,5.8,5.8,5.8,5.8,0,0,0,0.7,0.5,0.120689655,0.086206897,0.5480652,0.488823701,12.876,12.876,12.876,12.876,1.21092342,0.718964461,,,1.21092342,0.718964461,0,0,0,,,,,,,,,,,,,,,,,,,,,,,,,,,,,,,,,,,,,,,,,,
22,Leavitt et al.,2001,USA,FACE,North America,no,,33° 03' N,112° 01' W,,360,,200,,21.6,semiarid,0.076,Arid,13.28,cereals,cereals,no,,,,no,no,no,yes,,no,no,0,2,2,subsurface drip,drippers,fresh,,,,,,Plot,15,30,15,20-30cm,20-30cm,1.48,1.48,1.484966092,1.484603333,L,,,L,,,,,,,,,,,,,,,,,,4,4,5.8,5.8,5.2,5.2,-0.04742465,-0.3,-10.34482759,0.4,0.7,0.068965517,0.134615385,0.5480652,0.438255732,12.876,11.544,12.876,11.544,1.21092342,0.644588827,,,1.21092342,0.644588827,-0.04742465,-0.666,-10.34482759,,,,,,,,,,,,,,,,,,,,,,,,,,,,,,,,,,,,,,,,,,
22,Leavitt et al.,2001,USA,FACE,North America,no,,33° 03' N,112° 01' W,,360,,200,,21.6,semiarid,0.076,Arid,13.28,cereals,cereals,no,,,,no,no,no,yes,,no,no,0,2,2,subsurface drip,drippers,fresh,,,,,,Plot,30,60,30,40-50cm,30+cm,1.48,1.48,1.482470977,1.480512,L,,,L,,,,,,,,,,,,,,,,,,4,4,3,3,2.9,2.9,-0.014723257,-0.05,-3.333333333,0.6,0.6,0.2,0.206896552,0.283482,0.244411851,13.32,12.876,13.32,12.876,1.2526794,0.718964461,,,1.2526794,0.718964461,-0.014723257,-0.222,-3.333333333,,,,,,,,,,,,,,,,,,,,,,,,,,,,,,,,,,,,,,,,,,
23,Libutti et al.,2017,Italy,Stornarella,Europe,no,,41° 15' N,15° 44' E,154,146,590,497,,15.5,mediterranean,0.3514,Semi-Arid,2.8732,vegetables,horticulture,yes,2,multiple,CT,,no,yes,yes,,no,no,0,1,1,drippers,drippers,fresh,7.86,200.4,63.9,,8.7,Plot,0,30,30,10-20cm,10-20cm,1.4,1.4,1.384924425,1.369824667,CL,40.1,27.4,CL,40.1,27.4,7.9,7.9,,,,,,,,,,,,,,3,3,11.4,11.4,10.8,10.8,-0.023481096,-0.6,-5.263157895,0.4,0.7,0.035087719,0.064814815,1.0772316,0.910223444,47.88,45.36,47.88,45.36,4.5028746,2.532791858,,,4.5028746,2.532791858,-0.023481096,-2.52,-5.263157895,,,,,,,,,,,,,,,,,,,,,,3,3,1.7,1.6,0.1,0.1,0.058823529,0.0625,0.272582619,0.382905983,,,,,7.063114568,6.575158402,-0.026328939,,,0.882889321,0.939308343
24,Lucho-Constantino et al.,2005,Mexico,Mezquital-2,North America,no,,20° 22' N,99° 04' W,,2013,450,4,16.7,16.6,arid,0.2302,Semi-Arid,4.1902,mixed,cereals,yes,,,,,,,,,yes,no,6,41,35,flood,floodfurr,sewage,,,,,,Farm,0,30,30,10-20cm,10-20cm,1.315758333,1.290006,1.315758333,1.290006,C,,,CL,,,9.09,8.5,,,,,,,,,,,,,,3,3,3.14,3.14,14.91,14.91,0.676547995,0.336285714,374.8407643,0.2,1.15,0.063694268,0.077129443,0.29671116,1.256614032,12.3944435,57.70196838,12.3944435,57.70196838,1.165635439,3.221937295,,,1.165635439,3.221937295,0.667963596,1.294500711,365.5470687,,,,,,,,,,,,,,,,,,,,,,3,3,1.44,1.62,0.1,0.03,0.069444444,0.018518519,0.230893513,0.387692308,,,,,5.684075999,6.26942916,0.051152522,,,0.7105095,0.895632737
25a,Montanaro et al.,2010,Italy,Basilicata - kiwi,Europe,no,,40° 23' N,16° 45' E,25,14,550,620,,16.2,mediterranean,0.4489,Semi-Arid,2.2419,woody perennials,woody crops,no,4,multiple,CT,yes,no,no,yes,no,no,no,19,23,4,microjet,sprinkler,fresh,,,,,,Plot,0,15,15,0-10cm,0-10cm,1.404825862,1.336543167,1.404825862,1.336543167,SL,62.2,19.5,SL,62.2,19.5,7.64,7.64,,,,,,,,,,,,,,3,3,12.4,12.4,12.8,12.8,0.013788284,0.1,3.225806452,1.1625,1.0541184,,,1.1717256,1.078783341,26.12976103,25.66162881,26.12976103,25.66162881,2.457373376,1.432882815,,,2.457373376,1.432882815,-0.007851219,-0.117033057,-1.791567195,,,,,,,,,,,,,,,,,,,,,,,,,,,,,,,,,,,,,,,,,,
25a,Montanaro et al.,2010,Italy,Basilicata - kiwi,Europe,no,,40° 23' N,16° 45' E,25,14,550,620,,16.2,mediterranean,0.4489,Semi-Arid,2.2419,woody perennials,woody crops,no,4,multiple,CT,yes,no,no,yes,no,no,no,19,23,4,microjet,sprinkler,fresh,,,,,,Plot,15,30,15,20-30cm,20-30cm,1.408850575,1.345947667,1.408850575,1.345947667,SL,60,19.4,SL,60,19.4,7.79,7.79,,,,,,,,,,,,,,3,3,11.5,11.5,12.6,12.6,0.039672705,0.275,9.565217391,1.078125,1.0376478,,,1.086681,1.061927351,24.30267242,25.43841091,24.30267242,25.43841091,2.285544828,1.420418872,,,2.285544828,1.420418872,0.019835945,0.283934622,4.673306984,,,,,,,,,,,,,,,,,,,,,,,,,,,,,,,,,,,,,,,,,,
25a,Montanaro et al.,2010,Italy,Basilicata - kiwi,Europe,no,,40° 23' N,16° 45' E,25,14,550,620,,16.2,mediterranean,0.4489,Semi-Arid,2.2419,woody perennials,woody crops,no,4,multiple,CT,yes,no,no,yes,no,no,no,19,23,4,microjet,sprinkler,fresh,,,,,,Plot,30,60,30,40-50cm,30+cm,1.405510776,1.3677505,1.405510776,1.3677505,SL,53,17.6,SL,53,17.6,7.71,7.71,,,,,,,,,,,,,,3,3,6.05,6.05,6.7,6.7,0.044319428,0.1625,10.74380165,0.5671875,0.5517651,,,0.5716887,0.564675655,25.51002058,27.49178505,25.51002058,27.49178505,2.399089886,1.53507428,,,2.399089886,1.53507428,0.032492131,0.495441116,7.768572585,,,,,,,,,,,,,,,,,,,,,,,,,,,,,,,,,,,,,,,,,,
25b,Montanaro et al.,2010,Italy,Basilicata - apricot,Europe,no,,41° 08' N,16° 38' E,7,115,550,505,,16,mediterranean,0.4489,Semi-Arid,2.804,woody perennials,woody crops,no,4,multiple,CT,yes,no,no,yes,no,no,no,19,23,4,drippers,drippers,fresh,,,,,,Plot,0,15,15,0-10cm,0-10cm,1.315998276,1.351802667,1.315998276,1.351802667,SiL,25.4,25.5,SiL,25.4,25.5,8.15,8.15,,,,,,,,,,,,,,3,3,11.1,11.1,11.9,11.9,0.030223983,0.2,7.207207207,1.040625,0.9800007,,,1.0488834,1.002931387,21.9113713,24.12967761,21.9113713,24.12967761,2.060654913,1.347342393,,,2.060654913,1.347342393,0.041881961,0.554576578,10.1239958,,,,,,,,,,,,,,,,,,,,,,,,,,,,,,,,,,,,,,,,,,
25b,Montanaro et al.,2010,Italy,Basilicata - apricot,Europe,no,,41° 08' N,16° 38' E,7,115,550,505,,16,mediterranean,0.4489,Semi-Arid,2.804,woody perennials,woody crops,no,4,multiple,CT,yes,no,no,yes,no,no,no,19,23,4,drippers,drippers,fresh,,,,,,Plot,15,30,15,20-30cm,20-30cm,1.335107759,1.370841667,1.335107759,1.370841667,SiL,24.6,26.8,SiL,24.6,26.8,8.09,8.09,,,,,,,,,,,,,,3,3,12.3,12.3,11.9,11.9,-0.01435815,-0.1,-3.25203252,1.153125,0.9800007,,,1.1622762,1.002931387,24.63273815,24.46952376,24.63273815,24.46952376,2.31658586,1.366318574,,,2.31658586,1.366318574,-0.002887173,-0.040803599,-0.662591372,,,,,,,,,,,,,,,,,,,,,,,,,,,,,,,,,,,,,,,,,,
25b,Montanaro et al.,2010,Italy,Basilicata - apricot,Europe,no,,41° 08' N,16° 38' E,7,115,550,505,,16,mediterranean,0.4489,Semi-Arid,2.804,woody perennials,woody crops,no,4,multiple,CT,yes,no,no,yes,no,no,no,19,23,4,drippers,drippers,fresh,,,,,,Plot,30,60,30,40-50cm,30+cm,1.348979454,1.407082417,1.348979454,1.407082417,CL,24,28.55,CL,24,28.55,8.205,8.205,,,,,,,,,,,,,,3,3,8.85,8.85,8.35,8.35,-0.025256795,-0.125,-5.649717514,0.8296875,0.68764755,,,0.8362719,0.70373757,35.8154045,35.24741453,35.8154045,35.24741453,3.368259717,1.96812973,,,3.368259717,1.96812973,-0.006942594,-0.141997493,-1.585881769,,,,,,,,,,,,,,,,,,,,,,,,,,,,,,,,,,,,,,,,,,
26,Morugan-Coronado et al.,2011,Spain,Biar,Europe,no,,38° 38' N,0° 46' W,754,677,486,380,15.3,14.6,semiarid,0.241,Semi-Arid,4.2026,woody perennials,woody crops,no,,,,,no,no,no,,no,no,0,3,3,flood,floodfurr,fresh,8.1,,47,,1.9,Plot,0,5,5,0-10cm,0-10cm,1.316404598,1.333269833,1.316404598,1.333269833,L,32,25,L,32,25,8.4,8.4,,,,,,,,,,,,,,3,3,12.8,12.8,12.4,12.4,-0.013788284,-0.133333333,-3.125,0.8,0.7,0.0625,0.056451613,1.2095232,1.045071361,8.424989427,8.266272965,8.424989427,8.266272965,0.792328131,0.461568537,,,0.792328131,0.461568537,-0.008259622,-0.052905488,-1.883877291,,,,,,,,,,,,,,,,,,,,,,,,,,,,,,,,,,,,,,,,,,
27,Munoz et al.,2007,Spain,Extremadura,Europe,no,,39° 06' N,5° 40' W,,313,480,542,,16.1,mediterranean,0.3269,Semi-Arid,3.0517,cereals,cereals,no,3,mutiple,CT,yes,no,no,yes,yes,no,no,0,2,2,,,fresh,,,,,,Plot,0,5,5,0-10cm,0-10cm,1.447854885,1.46111575,1.447854885,1.46111575,L,49,21,L,49,21,5.3,5.3,,,,,,,,,,,,,,4,4,9.1,9.1,9.9,9.9,0.036593802,0.4,8.791208791,0.853125,0.8152947,,,0.8598954,0.83437149,6.587739727,7.232522963,6.587739727,7.232522963,0.619543983,0.403846457,,,0.619543983,0.403846457,0.040553389,0.322391618,9.787624625,,,,,,,,,,,,,,,,,,,,,,4,4,0.119,0.114,,,,,0.019080783,0.027282051,,,,,0.086142257,0.08325984,-0.01864211,,,0.010767782,0.011894263
27,Munoz et al.,2007,Spain,Extremadura,Europe,no,,39° 06' N,5° 40' W,,313,480,542,,16.1,mediterranean,0.3269,Semi-Arid,3.0517,cereals,cereals,no,3,mutiple,CT,yes,no,no,yes,yes,no,no,0,2,2,,,fresh,,,,,,Plot,10,30,20,10-20cm,10-20cm,1.444296839,1.468673167,1.444296839,1.468673167,L,49,21,L,49,21,5.3,5.3,,,,,,,,,,,,,,4,4,6.4,6.4,5.8,5.8,-0.04275198,-0.3,-9.375,0.6,0.4776474,,,0.6047616,0.488823701,18.48699954,17.03660874,18.48699954,17.03660874,1.738609872,0.951282714,,,1.738609872,0.951282714,-0.035483281,-0.725195401,-7.845463505,,,,,,,,,,,,,,,,,,,,,,4,4,0.081,0.07,,,,,0.01298776,0.016752137,,,,,0.233976088,0.205614243,-0.063386979,,,0.029247011,0.029373463
28,Olson et al.,2006,Canada,Lethbridge-2,North America,no,,49° 46' N,112° 40' W,921,868,,376,,5.9,semiarid,0.2989,Semi-Arid,3.3537,cereals,cereals,no,,,,,,yes,,,no,no,0,5,5,wheel line sprinkler,sprinkler,fresh,,,,,,Plot,0,15,15,0-10cm,0-10cm,1.54,1.54,1.506458046,1.503655833,C,19.9,51.1,C,19.9,51.1,7.83,7.83,,,,,,,,,,,,,,4,4,25.06493506,25.06493506,26.88311688,26.88311688,0.030413036,0.363636364,7.25388601,2.349837662,2.213905325,,,2.368485974,2.265707706,57.9,62.1,57.9,62.1,0.8,1.6,0.013816926,0.025764895,5.4452055,3.467512662,0.030413036,0.84,7.25388601,,,,,,,,,,,,,,,,,,,,,,,,,,,,,,,,,,,,,,,,,,
28,Olson et al.,2006,Canada,Lethbridge-2,North America,no,,49° 46' N,112° 40' W,921,868,,376,,5.9,semiarid,0.2989,Semi-Arid,3.3537,cereals,cereals,no,,,,,,yes,,,no,no,0,5,5,wheel line sprinkler,sprinkler,fresh,,,,,,Plot,15,30,15,20-30cm,20-30cm,1.54,1.54,1.50607069,1.497539333,C,17.9,51.7,C,17.9,51.7,7.85,7.85,,,,,,,,,,,,,,4,4,22.42424242,22.42424242,23.33333333,23.33333333,0.017259005,0.181818182,4.054054054,2.102272727,1.92157,,,2.118956364,1.966532132,51.8,53.9,51.8,53.9,1.2,3.009644646,0.023166023,,4.871531,3.009644646,0.017259005,0.42,4.054054054,,,,,,,,,,,,,,,,,,,,,,,,,,,,,,,,,,,,,,,,,,
29a,Perez-Bermudez et al.,2015,Spain,Camporrobles - Tempranillo,Europe,no,,39° 39' N,1° 24' W,980,918,470,422,12.8,12.8,mediterranean,0.2723,Semi-Arid,3.6611,woody perennials,woody crops,no,frequent,multiple,CT,no,no,no,no,,yes,no,0,4,4,drippers,drippers,fresh,,,,,,Plot,0,15,15,0-10cm,0-10cm,1.34516523,1.307691,1.34516523,1.307691,C,,,C,,,8.2,8.2,,,,,,,,,,,,,,3,3,11,11,12.9,12.9,0.069197025,0.475,17.27272727,1.03125,1.0623537,,,1.039434,1.087211336,22.1952263,25.30382085,22.1952263,25.30382085,2.087350057,1.412903691,,,2.087350057,1.412903691,0.056926527,0.777148639,14.00568984,,,,,,,,,,,,,,,,,,,,,,3,3,1.4,1.49,,,,,0.224479804,0.356581197,,,,,2.824846983,2.922689385,0.027058233,,,0.353105873,0.417527055
29b,Perez-Bermudez et al.,2015,Spain,Camporrobles - Bobal,Europe,no,,39° 39' N,1° 24' W,980,918,470,422,12.8,12.8,mediterranean,0.2723,Semi-Arid,3.6611,woody perennials,woody crops,no,frequent,multiple,CT,no,no,no,no,,yes,no,0,4,4,drippers,drippers,fresh,,,,,,Plot,0,15,15,0-10cm,0-10cm,1.349964655,1.3466645,1.349964655,1.3466645,CL,,,CL,,,8.2,8.2,,,,,,,,,,,,,,3,3,10.5,10.5,12.5,12.5,0.075720714,0.5,19.04761905,0.984375,1.0294125,,,0.992187,1.053499356,21.26194332,25.24995938,21.26194332,25.24995938,1.999579459,1.409896197,,,1.999579459,1.409896197,0.074657728,0.997004015,18.75659247,,,,,,,,,,,,,,,,,,,,,,3,3,1.49,1.55,,,,,0.238910649,0.370940171,,,,,3.017171004,3.130994963,0.01714543,,,0.377146375,0.447284995
30,Quin & Woods,1978,New Zealand,Templeton,Oceania,no,,43° 32' S,172° 38' E,,12,650,818,14,12.2,temperate,0.6455,Dry sub-humid,1.5183,mixed,cereals,yes,,,,,yes,yes,no,,yes,yes,7,17,10,,,waste,7.3,,20,,13.7,Plot,0,15,15,0-10cm,0-10cm,1.2,1.2,1.268920115,1.266103167,SiL,,,SiL,,,6.3,6.4,,,,,,,,,,,,,,1,1,27.8,27.8,28,28,0.003113235,0.02,0.71942446,2.60625,2.305884,,,2.6269332,2.359838558,50.04,50.4,50.04,50.4,4.7060118,2.814213175,,,4.7060118,2.814213175,0.003113235,0.036,0.71942446,,,,,,,,,,,,,,,,,,,,,,1,1,2.7,2.7,,,,,0.432925337,0.646153846,,,,,5.139126466,5.127717826,0,,,0.642390808,0.732531118
31a,Ramirez-Fuentes et al.,2002,Mexico,Mezquital-3,North America,no,,39° 06' N,5° 40' W,2000,313,550,542,17,16.1,semiarid,0.3269,Semi-Arid,3.0517,mixed,cereals,yes,,,,,,,,no,yes,no,73,86,13,furrow,floodfurr,sewage,8.4,295.3,5.4,,,Farm,0,20,20,0-10cm,0-10cm,1.34710977,1.254346333,1.34710977,1.254346333,CL,35.9,37.1,CL,36.5,36.2,7.7,7.7,,,,,,,,,,,,,,1,1,21.8,21.8,23.4,23.4,0.030759364,0.123076923,7.339449541,2.04375,1.9270602,,,2.0599692,1.972150795,58.73398597,58.70340838,58.73398597,58.70340838,5.523637711,3.277855264,,,5.523637711,3.277855264,-0.000226158,-0.002352122,-0.052061148,1,1,3.1,1.4,,,,,1.834693878,0.499962742,,,,,8.352080574,3.512169732,,,,,-0.345233658,1,1,2.3,2.6,,,,,0.36878825,0.622222222,,,,,6.196704942,6.522600932,0.053245512,,,0.774588118,0.931800133
31b,Ramirez-Fuentes et al.,2002,Mexico,Mezquital-3,North America,no,,39° 06' N,5° 40' W,2000,313,550,542,17,16.1,semiarid,0.3269,Semi-Arid,3.0517,mixed,cereals,yes,,,,,,,,no,yes,no,22,33,11,furrow,floodfurr,sewage,8.4,295.3,5.4,,,Farm,0,20,20,0-10cm,0-10cm,1.377961207,1.277410167,1.377961207,1.277410167,SL,58.3,19.9,SL,67.7,12.5,7.8,7.2,,,,,,,,,,,,,,1,1,19.2,19.2,16.2,16.2,-0.073786214,-0.272727273,-15.625,1.8,1.3341186,,,1.8142848,1.365335166,52.91371035,41.38808941,52.91371035,41.38808941,4.97626989,2.31101005,,,4.97626989,2.31101005,-0.106692837,-1.047783722,-21.78191788,1,1,2.6,0.6,,,,,1.53877551,0.214269747,,,,,7.165398276,1.5328922,,,,,-0.636822098,1,1,2,1.7,,,,,0.320685435,0.406837607,,,,,5.511844828,4.343194568,-0.070581074,,,0.688980604,0.620456367
32,Rochester,2011,Australia,Narrabri-2,Oceania,no,,30° 12' S,149° 36' E,,200,645,627,,19.2,subtropical,0.2989,Semi-Arid,3.3604,cotton,woody crops,no,,,RT,no,no,no,yes,yes,yes,no,25,35,10,furrow,floodfurr,fresh,,,,,,Plot,0,30,30,10-20cm,10-20cm,1.27,1.24,1.298439,1.262653,C,,,C,,,7.9,7.9,,,,,,,,,,,,,,4,4,10.2,10.2,10.8,10.8,0.024823584,0.06,5.882352941,0.95625,0.8894124,,,0.9638388,0.910223444,38.862,40.176,38.862,40.176,3.65477679,2.243329931,,,3.65477679,2.243329931,0.014441548,0.1314,3.381194998,,,,,,,,,,,,,,,,,,,,,,,,,,,,,,,,,,,,,,,,,,
32,Rochester,2011,Australia,Narrabri-2,Oceania,no,,30° 12 'S,149° 36' E,,200,645,627,,19.2,subtropical,0.2989,Semi-Arid,3.3604,cotton,woody crops,no,,,RT,no,no,no,yes,yes,yes,no,31,35,4,furrow,floodfurr,fresh,,,,,,Plot,30,60,30,40-50cm,30+cm,1.505,1.505,1.4690855,1.4630505,C,,,C,,,7.9,7.9,,,,,,,,,,,,,,4,4,8.19,8.19,7.78,7.78,-0.022304305,-0.1025,-5.006105006,0.7678125,0.64070634,,,0.77390586,0.655697999,36.97785,35.1267,36.97785,35.1267,3.477581903,1.961389324,,,3.477581903,1.961389324,-0.022304305,-0.4627875,-5.006105006,,,,,,,,,,,,,,,,,,,,,,,,,,,,,,,,,,,,,,,,,,
33,Rotenberg et al.,2005,USA,Hancock,North America,no,,44° 07' N,89° 32' W,,334,,808,,6.7,,0.7917,Humid,1.2611,mixed,horticulture,yes,frequent,multiple,CT,,no,yes,yes,no,no,no,1,4,3,sprinkler,sprinkler,fresh,,,,,,Plot,0,15,15,0-10cm,0-10cm,1.5,1.5,1.528354598,1.534080167,LS,,,LS,,,6.6,6.6,,,,,,,,,,,,,,5,5,6.088888889,6.088888889,4.977777778,4.977777778,-0.087502544,-0.37037037,-18.24817518,0.570833333,0.409934933,,,0.575363467,0.419526855,13.7,11.2,13.7,11.2,1.2884165,0.625380706,,,1.2884165,0.625380706,-0.087502544,-0.833333333,-18.24817518,,,,,,,,,,,,,,,,,,,,,,5,5,,,,,,,,,1.2,1,,,1.2,1,,,,0.15,0.142857143
34,Rusan et al.,2007,Jordan,Ramtha,Middle East,no,,32° 34' N,36° 01' E,,511,,333,,18,arid,0.161,Arid,6.2823,cereals,cereals,no,,,,,no,,,,yes,no,0,10,10,flood,floodfurr,waste,7.3,,,,,Plot,0,20,20,0-10cm,0-10cm,1.352048563,1.357264,1.352048563,1.357264,C,,,C,,,8,7.94,,,,,,,,,,,,,,3,3,3.89,3.89,7.22,7.22,0.268587596,0.333,85.60411311,0.3646875,0.59458866,,,0.36758166,0.608501228,10.51893782,19.59889216,10.51893782,19.59889216,0.989253507,1.094354376,,,0.989253507,1.094354376,0.270259635,0.907995434,86.32006858,,,,,,,,,,,,,,,,,,,,,,3,3,,,,,,,,,0.093,0.181,,,0.093,0.181,,,,0.011625,0.025857143
34,Rusan et al.,2007,Jordan,Ramtha,Middle East,no,,32° 34' N,36° 01' E,,511,,333,,18,arid,0.161,Arid,6.2823,cereals,cereals,no,,,,,no,,,,yes,no,0,10,10,flood,floodfurr,waste,7.3,,,,,Plot,20,40,20,20-30cm,20-30cm,1.360595115,1.371779833,1.360595115,1.371779833,C,,,C,,,8.17,8.17,,,,,,,,,,,,,,3,3,3.09,3.09,4.27,4.27,0.140469396,0.118,38.18770227,0.2896875,0.35164731,,,0.29198646,0.35987538,8.408477811,11.71499977,8.408477811,11.71499977,0.790775296,0.654137038,,,0.790775296,0.654137038,0.144024902,0.330652196,39.32366877,,,,,,,,,,,,,,,,,,,,,,3,3,,,,,,,,,0.093,0.11,,,0.093,0.11,,,,0.011625,0.015714286
34,Rusan et al.,2007,Jordan,Ramtha,Middle East,no,,32° 34' N,36° 01' E,,511,,333,,18,arid,0.161,Arid,6.2823,cereals,cereals,no,,,,,no,,,,yes,no,0,10,10,flood,floodfurr,waste,7.3,,,,,Plot,40,60,20,40-50cm,30+cm,1.345139655,1.380918667,1.345139655,1.380918667,C,,,C,,,8.31,8.28,,,,,,,,,,,,,,3,3,1.89,1.89,2.8,2.8,0.170696227,0.091,48.14814815,0.1771875,0.2305884,,,0.17859366,0.235983856,5.084627896,7.733144535,5.084627896,7.733144535,0.47818383,0.431799945,,,0.47818383,0.431799945,0.182096952,0.264851664,52.08870135,,,,,,,,,,,,,,,,,,,,,,3,3,,,,,,,,,0.073,0.088,,,0.073,0.088,,,,0.009125,0.012571429
35,Sanchez-Garcia et al.,2016,Spain,Casa Pareja,Europe,no,,38° 23' N,1° 22' W,,472,250,342,16.1,15.7,semiarid,0.2064,Semi-Arid,4.9854,woody perennials,woody crops,no,3,multiple,RT,,no,no,no,no,no,no,15,17,2,drip,drippers,fresh,,,,,,Plot,0,5,5,0-10cm,0-10cm,1.341080747,1.3413675,1.341080747,1.3413675,SL,57,16,SL,57,16,8.01,8.01,,,,,,,,,,,,,,3,3,12.85,12.85,17.31,17.31,0.12939394,2.23,34.70817121,1.79,1.77,0.139299611,0.102253033,1.2142479,1.458885909,8.616443799,11.60953571,8.616443799,11.60953571,0.810333457,0.648248182,,,0.810333457,0.648248182,0.129486792,1.496545957,34.73697482,,,,,,,,,,,,,,,,,,,,,,3,3,1.15,1.84,0.18,0.09,0.156521739,0.048913043,0.184394125,0.44034188,,,,,0.77112143,1.2340581,0.204119983,,,0.096390179,0.176294014
36,Sanchez-Gonzalez et al.,2017,Mexico,Mezquital-4,North America,no,,39° 06' N,5° 40' W,,313,600,542,17,16.1,semiarid,0.3269,Semi-Arid,3.0517,mixed,cereals,yes,frequent,multiple,CT,,no,no,,,yes,no,15,100,85,furrow,floodfurr,sewage,,,,,,Farm,0,30,30,10-20cm,10-20cm,1.1,1.1,1.187012931,1.182334667,CL,,,CL,,,,,,,,,,,,,,,,,,4,3,14.90909091,14.90909091,17.90909091,17.90909091,0.079622378,0.035294118,20.12195122,1.397727273,1.474867364,,,1.408819636,1.50937726,49.2,59.1,49.2,59.1,11.3,3.3,0.229674797,0.055837563,4.627014,3.299999973,0.079622378,0.116470588,20.12195122,,,,,,,,,,,,,,,,,,,,,,,,,,,,,,,,,,,,,,,,,,
37,Schmer et al.,2014,USA,Ithaca,North America,no,,41° 10' N,96° 25' W,349,350,740,797,9.8,10.3,,0.5774,Dry sub-humid,1.7227,cereals,cereals,no,0,never,NT,no,no,no,yes,yes,no,no,1,10,9,sprinklers,sprinkler,fresh,,,,,,Plot,0,15,15,0-10cm,0-10cm,1.36,1.36,1.388025862,1.385427833,SiL,,,SiL,,,,,,,,,,,,,,,,,,6,6,19.41176471,19.41176471,20.98039216,20.98039216,0.033748583,0.174291939,8.080808081,1.397727273,1.727798235,,,1.834295294,1.76822637,39.6,42.8,39.6,42.8,3.724182,2.389847696,,,3.724182,2.389847696,0.033748583,0.355555556,8.080808081,,,,,,,,,,,,,,,,,,,,,,6,6,,,,,,,,,3.2,3.49,,,3.2,3.49,,,,0.4,0.498571429
37,Schmer et al.,2014,USA,Ithaca,North America,no,,41° 10' N,96° 25' W,349,350,740,797,9.8,10.3,,0.5774,Dry sub-humid,1.7227,cereals,cereals,no,0,never,NT,no,no,no,yes,yes,no,no,1,10,9,sprinklers,sprinkler,fresh,,,,,,Plot,15,30,15,20-30cm,20-30cm,1.47,1.47,1.463397989,1.466883833,SiL,,,SiL,,,,,,,,,,,,,,,,,,6,6,18.86621315,18.86621315,16.59863946,16.59863946,-0.055612245,-0.251952633,-12.01923077,1.819852941,1.366947755,,,1.782743946,1.398932479,41.6,36.6,41.6,36.6,3.912272,2.043654806,,,3.912272,2.043654806,-0.055612245,-0.555555556,-12.01923077,,,,,,,,,,,,,,,,,,,,,,6,6,,,,,,,,,3.26,3.08,,,3.26,3.08,,,,0.4075,0.44
37,Schmer et al.,2014,USA,Ithaca,North America,no,,41° 10' N,96° 25' W,349,350,740,797,9.8,10.3,,0.5774,Dry sub-humid,1.7227,cereals,cereals,no,0,never,NT,no,no,no,yes,yes,no,no,1,10,9,sprinklers,sprinkler,fresh,,,,,,Plot,30,60,30,40-50cm,30+cm,1.46,1.46,1.452020259,1.4527605,SiL,,,SiL,,,,,,,,,,,,,,,,,,6,6,7.728310502,7.728310502,7.608447489,7.608447489,-0.006788515,-0.013318113,-1.550960118,1.768707483,0.626578476,,,0.730278973,0.641239563,33.85,33.325,33.85,33.325,3.18342325,1.860786787,,,3.18342325,1.860786787,-0.006788515,-0.058333333,-1.550960118,,,,,,,,,,,,,,,,,,,,,,6,6,,,,,,,,,5.29,5.17,,,3.2525,3.2425,,,,0.4065625,0.463214286
38a,Silva et al.,2016,Brazil,Petrolina-2 -N,South America,yes,N-,9° 08' S,40° 19' W,373,375,,572,,25.3,semiarid,0.3151,Semi-Arid,3.3164,woody perennials,woody crops,no,,,,,no,no,no,,no,no,0,2,2,drippers,drippers,fresh,,,,,,Plot,0,20,20,0-10cm,0-10cm,1.473103161,1.469595167,1.473103161,1.469595167,LS,81,6,LS,81,6,6.7,6.5,,,,,,,,,,,,,,5,5,10.4,10.4,7.97,7.97,-0.115575018,-1.215,-23.36538462,0.72452911,0.65635341,,,0.9827376,0.67171119,30.64054575,23.42534696,30.64054575,23.42534696,2.881590125,1.308014287,,,2.881590125,1.308014287,-0.116610464,-3.607599393,-23.54787949,,,,,,,,,,,,,,,,,,,,,,,,,,,,,,,,,,,,,,,,,,
38a,Silva et al.,2016,Brazil,Petrolina-2 -N,South America,yes,N-,9° 08' S,40° 19' W,373,375,,572,,25.3,semiarid,0.3151,Semi-Arid,3.3164,woody perennials,woody crops,no,,,,,no,no,no,,no,no,0,2,2,drippers,drippers,fresh,,,,,,Plot,20,40,20,20-30cm,20-30cm,1.495112356,1.513363333,1.495112356,1.513363333,,,,,,,6.2,6.2,,,,,,,,,,,,,,5,5,4.9,4.9,3.54,3.54,-0.141192818,-0.68,-27.75510204,0.975,0.29152962,,,0.4630206,0.298351018,14.65210109,10.7146124,14.65210109,10.7146124,1.377956847,0.598277845,,,1.377956847,0.598277845,-0.135923441,-1.968744346,-26.87320178,,,,,,,,,,,,,,,,,,,,,,,,,,,,,,,,,,,,,,,,,,
38b,Silva et al.,2016,Brazil,Petrolina-2 +N,South America,yes,N+,9° 08' S,40° 19' W,373,375,,572,,25.3,semiarid,0.3151,Semi-Arid,3.3164,woody perennials,woody crops,no,,,,,no,no,yes,,no,no,0,2,2,drippers,drippers,fresh,,,,,,Plot,0,20,20,0-10cm,0-10cm,1.483809483,1.480792333,1.483809483,1.480792333,LS,81,6,LS,81,6,6.7,6.4,,,,,,,,,,,,,,5,5,10.4,10.4,6.6,6.6,-0.197489404,-1.9,-36.53846154,0.459375,0.9,,0.136363636,0.9827376,0.55624766,30.86323725,19.5464588,30.86323725,19.5464588,2.902533147,1.091426624,,,2.902533147,1.091426624,-0.198373389,-5.658389225,-36.66750302,,,,,,,,,,,,,,,,,,,,,,,,,,,,,,,,,,,,,,,,,,
38b,Silva et al.,2016,Brazil,Petrolina-2 +N,South America,yes,N+,9° 08' S,40° 19' W,373,375,,572,,25.3,semiarid,0.3151,Semi-Arid,3.3164,woody perennials,woody crops,no,,,,,no,no,yes,,no,no,0,2,2,drippers,drippers,fresh,,,,,,Plot,20,40,20,20-30cm,20-30cm,1.496480172,1.5120125,1.496480172,1.5120125,,,,,,,6.2,6,,,,,,,,,,,,,,5,5,4.9,4.9,4.1,4.1,-0.077412223,-0.4,-16.32653061,0.459375,0.7,,0.170731707,0.4630206,0.345547789,14.66550569,12.3985025,14.66550569,12.3985025,1.379217482,0.692302164,,,1.379217482,0.692302164,-0.072927809,-1.133501593,-15.45806353,,,,,,,,,,,,,,,,,,,,,,,,,,,,,,,,,,,,,,,,,,
39a,Stewart et al.,2017,USA,Fort Collins-2 -N,North America,yes,N-,40° 39' N,104° 60' W,1535,1550,234,382,,9.1,semiarid,0.2278,Semi-Arid,4.4005,cereals,cereals,no,0,never,NT,no,no,no,no,yes,no,no,1,12,11,sprinklers,sprinkler,fresh,7.5,,,,,Plot,0,8,7.5,0-10cm,0-10cm,1.44,1.37,1.445574,1.381616,CL,,,CL,,,,,,,,,,,,,,,,,,3,3,11,11,13.3,13.3,0.082458956,0.209090909,20.90909091,1.03125,1.0952949,,,1.039434,1.120923315,11.88,13.66575,11.88,13.66575,1.1172546,0.763062177,,,1.1172546,0.763062177,0.060817031,0.162340909,15.03156566,,,,,,,,,,,,,,,,,,,,,,3,3,1.29,1.54,,,,,0.206842,0.368547,,,,,1.491833,1.702151,0.076931011,,,0.186479,0.243164
39a,Stewart et al.,2017,USA,Fort Collins-2 -N,North America,yes,N-,40° 39' N,104° 60' W,1535,1550,234,382,,9.1,semiarid,0.2278,Semi-Arid,4.4005,cereals,cereals,no,0,never,NT,no,no,no,no,yes,no,no,1,12,11,sprinklers,sprinkler,fresh,7.5,,,,,Plot,8,15,7.5,10-20cm,10-20cm,1.5,1.56,1.494523,1.531206,CL,,,CL,,,,,,,,,,,,,,,,,,3,3,10.9,10.9,8.8,8.8,-0.092943826,-0.190909091,-19.26605505,1.021875,0.7247064,,,1.0299846,0.741663547,12.2625,10.296,12.2625,10.296,1.153226813,0.574903549,,,1.153226813,0.574903549,-0.075910486,-0.178772727,-16.03669725,,,,,,,,,,,,,,,,,,,,,,3,3,1.25,1.27,,,,,0.200428,0.303932,,,,,1.307708,1.361242,0.006893708,,,0.163463,0.194463
39a,Stewart et al.,2017,USA,Fort Collins-2 -N,North America,yes,N-,40° 39' N,104° 60' W,1535,1550,234,382,,9.1,semiarid,0.2278,Semi-Arid,4.4005,cereals,cereals,no,0,never,NT,no,no,no,no,yes,no,no,1,12,11,sprinklers,sprinkler,fresh,7.5,,,,,Plot,15,30,15,20-30cm,20-30cm,1.51,1.56,1.503045,1.523116,CL,,,CL,,,,,,,,,,,,,,,,,,3,3,9,9,8,8,-0.051152522,-0.090909091,-11.11111111,0.84375,0.658824,,,0.850446,0.674239588,20.385,18.72,20.385,18.72,1.917107325,1.045279179,,,1.917107325,1.045279179,-0.037004871,-0.151363636,-8.167770419,,,,,,,,,,,,,,,,,,,,,,3,3,1.45,1.11,,,,,0.232497,0.265641,,,,,3.269123,2.535989,-0.116045023,,,0.40864,0.362284
39a,Stewart et al.,2017,USA,Fort Collins-2 -N,North America,yes,N-,40° 39' N,104° 60' W,1535,1550,234,382,,9.1,semiarid,0.2278,Semi-Arid,4.4005,cereals,cereals,no,0,never,NT,no,no,no,no,yes,no,no,1,12,11,sprinklers,sprinkler,fresh,7.5,,,,,Plot,30,60,30,40-50cm,30+cm,1.426403,1.445732667,1.426403,1.445732667,CL,,,CL,,,,,,,,,,,,,,,,,,3,3,2.733333333,2.733333333,1.933333333,1.933333333,-0.150385859,-0.072727273,-29.26829268,0.25625,0.1592158,,,0.2582836,0.162941234,11.6965046,8.385249467,11.6965046,8.385249467,1.099997775,0.468211895,,,1.099997775,0.468211895,-0.144540108,-0.301023194,-28.30978353,,,,,,,,,,,,,,,,,,,,,,3,3,0.45,0.426666667,,,,,0.072154333,0.102108,,,,,1.925948667,1.849869333,-0.023123799,,,0.240743667,0.264267333
39b,Stewart et al.,2017,USA,Fort Collins-2 +N,North America,yes,N+,40° 39' N,104° 60' W,1535,1550,234,382,,9.1,semiarid,0.2278,Semi-Arid,4.4005,cereals,cereals,no,0,never,NT,no,no,no,yes,yes,no,no,1,12,11,sprinklers,sprinkler,fresh,7.5,,,,,Plot,0,8,7.5,0-10cm,0-10cm,1.44,1.37,1.428299,1.365954,CL,,,CL,,,,,,,,,,,,,,,,,,3,3,12.7,12.7,17,17,0.1266452,0.390909091,33.85826772,0.4,1.4,0.031496,0.082353,1.2000738,1.432759125,13.716,17.4675,13.716,17.4675,1.28992122,0.975342632,,,1.28992122,0.975342632,0.105003275,0.341045455,27.35126859,,,,,,,,,,,,,,,,,,,,,,3,3,1.39,1.87,,,,,0.222876,0.447521,,,,,1.588269,2.043467,0.128826806,,,0.198534,0.291924
39b,Stewart et al.,2017,USA,Fort Collins-2 +N,North America,yes,N+,40° 39' N,104° 60' W,1535,1550,234,382,,9.1,semiarid,0.2278,Semi-Arid,4.4005,cereals,cereals,no,0,never,NT,no,no,no,yes,yes,no,no,1,12,11,sprinklers,sprinkler,fresh,7.5,,,,,Plot,8,15,7.5,10-20cm,10-20cm,1.5,1.56,1.497,1.533128,CL,,,CL,,,,,,,,,,,,,,,,,,3,3,10.9,10.9,9.4,9.4,-0.064298644,-0.136363636,-13.76146789,0.4,0.4,0.036697,0.042553,1.0299846,0.792231516,12.2625,10.998,12.2625,10.998,1.153226813,0.614101518,,,1.153226813,0.614101518,-0.047265305,-0.114954545,-10.31192661,,,,,,,,,,,,,,,,,,,,,,3,3,1.26,1.17,,,,,0.202032,0.28,,,,,1.320354,1.255632,-0.032184683,,,0.165044,0.179376
39b,Stewart et al.,2017,USA,Fort Collins-2 +N,North America,yes,N+,40° 39' N,104° 60' W,1535,1550,234,382,,9.1,semiarid,0.2278,Semi-Arid,4.4005,cereals,cereals,no,0,never,NT,no,no,no,yes,yes,no,no,1,12,11,sprinklers,sprinkler,fresh,7.5,,,,,Plot,15,30,15,20-30cm,20-30cm,1.51,1.56,1.494406,1.542022,CL,,,CL,,,,,,,,,,,,,,,,,,3,3,9.6,9.6,8.5,8.5,-0.052852307,-0.1,-11.45833333,0.3,0.4,0.03125,0.047059,0.9071424,0.716379562,21.744,19.89,21.744,19.89,2.04491448,1.110609128,,,2.04491448,1.110609128,-0.038704656,-0.168545455,-8.526490066,,,,,,,,,,,,,,,,,,,,,,3,3,1.15,1.08,,,,,0.184394,0.258462,,,,,2.57785,2.498076,-0.027274085,,,0.322231,0.356868
39b,Stewart et al.,2017,USA,Fort Collins-2 +N,North America,yes,N+,40° 39' N,104° 60' W,1535,1550,234,382,,9.1,semiarid,0.2278,Semi-Arid,4.4005,cereals,cereals,no,0,never,NT,no,no,no,yes,yes,no,no,1,12,11,sprinklers,sprinkler,fresh,7.5,,,,,Plot,30,60,30,40-50cm,30+cm,1.425718,1.447054,1.425718,1.447054,CL,,,CL,,,,,,,,,,,,,,,,,,3,3,3.333333333,3.333333333,2.3,2.3,-0.161150909,-0.093939394,-31,0.233333333,0.433333333,0.0625,0.162162,0.31498,0.193843882,14.25718,9.9846726,14.25718,9.9846726,1.340816493,0.557519785,,,1.340816493,0.557519785,-0.154699804,-0.388409764,-29.9674087,,,,,,,,,,,,,,,,,,,,,,3,3,0.486666667,0.356666667,,,,,0.078033333,0.085356333,,,,,2.079833667,1.545547,-0.134969078,,,0.259979333,0.220792333
40,Stone et al.,2008,USA,Duplin County,North America,no,,35° 05' N,78° 02' W,,36,1232,1285,,16.4,,0.8778,Humid,1.1354,cereals,cereals,no,,,,yes,no,yes,yes,,yes,no,1,4,3,subsurface drip,drippers,mixed,,,,,,Plot,0,15,15,0-10cm,0-10cm,1.493709483,1.5013545,1.493709483,1.5013545,LS,,,LS,,,,,,,,,,,,,,,,,,4,4,6.46,6.46,5.48,5.48,-0.07145196,-0.326666667,-15.17027864,1.1,1,0.170278638,0.182481752,0.61043124,0.461854118,14.47404489,12.34113399,14.47404489,12.34113399,1.361211552,0.689098847,,,1.361211552,0.689098847,-0.069234848,-0.7109703,-14.73610809,,,,,,,,,,,,,,,,,,,,,,4,4,0.43,0.48,0.07,0.32,0.162790698,0.666666667,0.068947368,0.114871795,,,,,0.963442617,1.08097524,0.047772782,,,0.120430327,0.154425034
40,Stone et al.,2008,USA,Duplin County,North America,no,,35° 05' N,78° 02' W,,36,1232,1285,,16.4,,0.8778,Humid,1.1354,cereals,cereals,no,,,,yes,no,yes,yes,,yes,no,1,4,3,subsurface drip,drippers,mixed,,,,,,Plot,15,30,15,20-30cm,20-30cm,1.503863506,1.513275,1.503863506,1.513275,LS,,,LS,,,,,,,,,,,,,,,,,,4,4,4.23,4.23,2.93,2.93,-0.159472747,-0.433333333,-30.73286052,0.96,0.79,0.226950355,0.269624573,0.39970962,0.246940249,9.542013946,6.650843625,9.542013946,6.650843625,0.897378702,0.3713669,,,0.897378702,0.3713669,-0.15676331,-0.96372344,-30.2993722,,,,,,,,,,,,,,,,,,,,,,4,4,0.27,0.34,0.34,0.39,1.259259259,1.147058824,0.043292534,0.081367521,,,,,0.60906472,0.77177025,0.100115153,,,0.07613309,0.110252893
40,Stone et al.,2008,USA,Duplin County,North America,no,,35° 05' N,78° 02' W,,36,1232,1285,,16.4,,0.8778,Humid,1.1354,cereals,cereals,no,,,,yes,no,yes,yes,,yes,no,1,4,3,subsurface drip,drippers,mixed,,,,,,Plot,30,45,15,30-40cm,30+cm,1.471174138,1.48659675,1.471174138,1.48659675,LS,,,LS,,,,,,,,,,,,,,,,,,4,4,2.74,2.74,1.82,1.82,-0.177679175,-0.306666667,-33.57664234,0.845,0.555,0.256410256,0.322115385,0.25891356,0.153389506,6.046525707,4.058409128,6.046525707,4.058409128,0.56864551,0.226611675,,,0.56864551,0.226611675,-0.173150078,-0.662705527,-32.88031303,,,,,,,,,,,,,,,,,,,,,,4,4,0.12,0.215,0.04,0.11,0.285714286,0.5,0.019241126,0.051452992,,,,,0.264636871,0.479462388,0.253257214,,,0.033079609,0.068494627
41a,Trost et al.,2016,Germany,Thyrow-N,Europe,yes,N-,52° 15' N,13° 14' E,43,47,495.3,544,8.9,9.2,,0.6194,Dry sub-humid,1.6305,mixed,cereals,yes,1,once,CT,no,no,no,no,yes,no,yes,30,43,13,sprinkler,sprinkler,fresh,,,,,,Plot,0,20,20,0-10cm,0-10cm,1.67,1.67,1.649214943,1.660504167,LS,83,3,LS,83,3,5.6,5.6,,,,,,,,,,,,,,5,5,5.628742515,5.628742515,5.958083832,5.958083832,0.024695227,0.025333947,5.85106383,0.527694611,0.490666078,,,0.531882395,0.502146999,18.8,19.9,18.8,19.9,1.768046,1.111167504,,,1.768046,1.111167504,0.024695227,0.084615385,5.85106383,,,,,,,,,,,,,,,,,,,,,,,,,,,,,,,,,,,,,,,,,,
41b,Trost et al.,2016,Germany,Thyrow+N,Europe,yes,N+,52° 15' N,13° 14' E,43,47,495.3,544,8.9,9.2,,0.6194,Dry sub-humid,1.6305,mixed,cereals,yes,1,once,CT,no,no,no,yes,yes,no,yes,30,43,13,sprinkler,sprinkler,fresh,,,,,,Plot,0,20,20,0-10cm,0-10cm,1.67,1.67,1.648025,1.657940833,LS,83,3,LS,83,3,5.6,5.6,,,,,,,,,,,,,,5,5,6.377245509,6.377245509,6.886227545,6.886227545,0.033348233,0.039152464,7.981220657,0.597866766,0.567101497,,,0.602611437,0.580370903,21.3,23,21.3,23,0.4,1.1,0.018779343,0.047826087,2.0031585,1.284263949,0.033348233,0.130769231,7.981220657,,,,,,,,,,,,,,,,,,,,,,,,,,,,,,,,,,,,,,,,,,
42,Undersander and Reiger,1985,USA,Etter,North America,no,,36° 02' N,102° 00' W,,1103,370,441,,13,arid,0.2118,Semi-Arid,4.7302,cereals,cereals,no,4,multiple,CT,no,no,no,yes,yes,no,no,2,15,13,sprinkler,sprinkler,fresh,,,,,,Plot,0,15,15,0-10cm,0-10cm,1.402849713,1.319684333,1.402849713,1.319684333,SiCL,,,SiCL,,,,,,,,,,,,,,,,,,2,2,8.2,8.2,13.2,13.2,0.206760079,0.384615385,60.97560976,1,1,0.12195122,0.075757576,0.7748508,1.11249532,17.25505147,26.12974979,17.25505147,26.12974979,1.622751315,1.45902155,,,1.622751315,1.45902155,0.180218992,0.682669102,51.43246509,,,,,,,,,,,,,,,,,,,,,,,,,,,,,,,,,,,,,,,,,,
42,Undersander and Reiger,1985,USA,Etter,North America,no,,36° 02' N,102° 00' W,,1103,370,441,,13,arid,0.2118,Semi-Arid,4.7302,cereals,cereals,no,4,multiple,CT,no,no,no,yes,yes,no,no,2,15,13,sprinkler,sprinkler,fresh,,,,,,Plot,15,30,15,20-30cm,20-30cm,1.406951437,1.339185,1.406951437,1.339185,SiCL,,,SiCL,,,,,,,,,,,,,,,,,,2,2,7.01,7.01,6.96,6.96,-0.003108778,-0.003846154,-0.713266762,1,1,0.142653352,0.143678161,0.66240294,0.586588442,14.79409436,13.9810914,14.79409436,13.9810914,1.391310604,0.780670072,,,1.391310604,0.780670072,-0.02454731,-0.062538689,-5.495456094,,,,,,,,,,,,,,,,,,,,,,,,,,,,,,,,,,,,,,,,,,
43,Wang et al.,2014,China,Yangling,Asia,no,,34° 18' N,108° 04' E,525,509,600,651,13,13,temperate,0.5243,Dry sub-humid,1.9124,cereals,cereals,no,,,CT,yes,no,no,yes,,no,no,0,8,8,flood,floodfurr,fresh,,,,,,Plot,0,20,20,0-10cm,0-10cm,1.21,1.21,1.23695977,1.277363,,,,,,,8.25,8.25,,,,,,,,,,,,,,4,4,8,8,8.06,8.06,0.003245055,0.0075,0.75,0.75,0.66376518,,,0.755952,0.679296385,19.36,19.5052,19.36,19.5052,1.8207112,1.089122834,,,1.8207112,1.089122834,0.003245055,0.01815,0.75,,,,,,,,,,,,,,,,,,,,,,,,,,,,,,,,,,,,,,,,,,
44,Xing et al.,2012,Canada,Fredericton,North America,no,,45° 55' N,66° 36' W,,23,,1142,,13,,1.2644,Humid,0.7872,vegetables,horticulture,no,,,,,,no,yes,,no,,1,3,2,drippers,drippers,fresh,,,,,,Plot,0,30,30,10-20cm,10-20cm,1.8,1.8,1.647670115,1.654385667,L,52,11,L,52,11,6.4,6.4,,,,,,,,,,,,,,4,4,1.652,1.652,1.548,1.548,-0.028239087,-0.052,-6.295399516,0.075,0.045,0.045399516,0.029069767,0.156104088,0.13046536,8.9208,8.3592,8.9208,8.3592,0.838956636,0.466757357,,,0.838956636,0.466757357,-0.028239087,-0.2808,-6.295399516,,,,,,,,,,,,,,,,,,,,,,,,,,,,,,,,,,,,,,,,,,
45,Xu et al.,2010,USA,Palmdale,North America,no,,34° 37' N,118° 02' W,,774,,178,,16.2,semiarid,0.072,Arid,13.4045,mixed,cereals,yes,,,,,,yes,no,,yes,no,3,20,17,sprinklers,sprinkler,waste,4.85,,,,,Plot,0,10,10,0-10cm,0-10cm,1.461586,1.464557,1.461586,1.464557,LS,,,LS,,,6.8,6.2,,,,,,,,,,,,,,3,3,4.7,4.7,8.8,8.8,0.272384814,0.241176471,87.23404255,0.4,0.4,0.085106,0.045455,0.4441218,0.741663547,6.8694542,12.8881016,6.8694542,12.8881016,0.64603782,0.719640185,,,0.64603782,0.719640185,0.273266719,0.354038082,87.61463756,3,3,0.19,0.61,0.1,0.2,0.526316,0.327869,0.112449,0.217841,,,,,0.277701,0.89338,,,,,0.506576234,,,,,,,,,,,,,,,,,,,,,
45,Xu et al.,2010,USA,Palmdale,North America,no,,34° 37' N,118° 02' W,,774,,178,,16.2,semiarid,0.072,Arid,13.4045,mixed,cereals,yes,,,,,,yes,no,,yes,no,3,20,17,sprinklers,sprinkler,waste,4.85,,,,,Plot,10,20,10,10-20cm,10-20cm,1.460943,1.469442,1.460943,1.469442,LS,,,LS,,,6.9,6.1,,,,,,,,,,,,,,3,3,3.2,3.2,5.6,5.6,0.243038049,0.141176471,75,0.3,0.4,0.09375,0.071429,0.3023808,0.471967712,4.6750176,8.2288752,4.6750176,8.2288752,0.43966203,0.459480337,,,0.43966203,0.459480337,0.245557226,0.209050447,76.0180582,3,3,0.13,0.45,0.041,0.1,0.315385,0.222222,0.076939,0.160702,,,,,0.189923,0.661249,,,,,0.539269161,,,,,,,,,,,,,,,,,,,,,
45,Xu et al.,2010,USA,Palmdale,North America,no,,34° 37' N,118° 02' W,,774,,178,,16.2,semiarid,0.072,Arid,13.4045,mixed,cereals,yes,,,,,,yes,no,,yes,no,3,20,17,sprinklers,sprinkler,waste,4.85,,,,,Plot,20,30,10,20-30cm,20-30cm,1.454238,1.446248,1.454238,1.446248,LS,,,LS,,,6.9,5.8,,,,,,,,,,,,,,3,3,2.4,2.4,4.1,4.1,0.232572615,0.1,70.83333333,1,0.8,0.416667,0.195122,0.2267856,0.345547789,3.4901712,5.9296168,3.4901712,5.9296168,0.328233151,0.331095352,,,0.328233151,0.331095352,0.230179898,0.1434968,69.89472608,3,3,0.007,0.2,0.021,0.1,3,0.5,0.004143,0.071423,,,,,0.01018,0.28925,,,,,1.455931956,,,,,,,,,,,,,,,,,,,,,
45,Xu et al.,2010,USA,Palmdale,North America,no,,34° 37' N,118° 02' W,,774,,178,,16.2,semiarid,0.072,Arid,13.4045,mixed,cereals,yes,,,,,,yes,no,,yes,no,3,20,17,sprinklers,sprinkler,waste,4.85,,,,,Plot,30,40,10,30-40cm,30+cm,1.4644865,1.472733875,1.4644865,1.472733875,LS,,,LS,,,6.7625,5.4125,,,,,,,,,,,,,,3,3,1.3375,1.3375,2.0375,2.0375,0.182803827,0.041176471,52.3364486,0.475,0.4625,0.095238,0.075,0.126385725,0.171720395,1.958750694,3.00069527,1.958750694,3.00069527,0.184210709,0.167551511,,,0.184210709,0.167551511,0.18524273,0.061290857,53.19434372,3,3,0.0275,0.081625,0.031875,0.0425,4.714286,0.294118,0.016275375,0.029149375,,,,,0.078735375,0.223367375,,,,,0.4724905,,,,,,,,,,,,,,,,,,,,,
46,Alidoust et al.,2018,Iran,Lordegan,Middle East,no,,31° 23' N,50° 56' E,2310,3199,650,300,14.9,8.5,subtropical,0.18,Arid,5.5633,wheat and alfalfa,cereals,yes,,,CT,,,no,,,,,0,26,26,,,fresh,,,,,,Farm,0,5,5,0-10cm,0-10cm,1.404695115,1.328032778,1.404695115,1.328032778,,,35,,,35,,,,,,,,,,,,,,,,17,17,14.77426177,14.77426177,15.62712433,15.62712433,0.024373278,0.032802406,5.772623859,1.385087041,1.28694057,,,1.396079092,1.317053234,10.37666667,10.37666667,10.37666667,10.37666667,0.975873617,0.579407779,,,0.975873617,0.579407779,0,0,0,,,,,,,,,,,,,,,,,,,,,,,,,,,,,,,,,,,,,,,,,,
46,Alidoust et al.,2018,Iran,Lordegan,Middle East,no,,31° 23' N,50° 56' E,2310,3199,650,300,14.9,8.5,subtropical,0.18,Arid,5.5633,wheat and alfalfa,cereals,yes,,,CT,,,no,,,,,0,26,26,,,fresh,,,,,,Farm,15,30,15,20-30cm,20-30cm,1.415457759,1.394855833,1.415457759,1.394855833,,,35,,,35,,,,,,,,,,,,,,,,17,17,8.543761378,8.543761378,8.669952154,8.669952154,0.00636759,0.004853491,1.476993214,0.800977629,0.71399657,,,0.807334188,0.730703121,18.14,18.14,18.14,18.14,1.7059763,1.012893393,,,1.7059763,1.012893393,0,0,0,,,,,,,,,,,,,,,,,,,,,,,,,,,,,,,,,,,,,,,,,,
47,Ma et al.,2018,China,"Jingtai County, Gansu Province",Asia,no,,37° 13' N,103° 51' E,1565,1884,185,218,8.6,7.4,arid,0.1507,Arid,6.5046,Wolfberry,woody crops,no,,,RT,no,,no,yes,,yes,,0,11,11,sprinklers,sprinkler,fresh,,,,,,Plot,0,100,100,40-50cm,30+cm,1.32,1.33,1.327197126,1.307553167,,,,,,,,,,,,,,,,,,,,,,3,3,6.33,6.33,9.55,9.55,0.178599662,0.292727273,50.86887836,1.31,0.5,0.206951027,0.052356021,0.59814702,0.804873508,83.556,127.015,83.556,127.015,7.85802402,7.092208064,,,7.85802402,7.092208064,0.181877371,3.950818182,52.01182441,,,,,,,,,,,,,,,,,,,,,,3,3,0.76,1.07,0.12,0.38,0.157894737,0.355140187,0.121860465,0.256068376,,,,,10.08669816,13.99081889,0.148570185,,,1.26083727,1.998688412
